date,DXY_PROXY,BREAKEVEN_10Y,VIX,US_3M_YIELD,HY_OAS,US_10Y_YIELD,BAA_10Y_SPREAD,US_30Y_YIELD,IG_OAS,US_2Y_YIELD,TREASURY_AVG_NOTE_RATE,WTI_OIL,CFTC_SP500_ASSET_MGR_NET,SPY,SOXX,QQQ,IWM,SMH,HYG,LQD,GLD,TLT,FXI,XLU_UTILITIES,XLF_FINANCIALS,XLE_ENERGY,XLK_TECH,XLP_STAPLES,EEM,MOVE_PROXY,TW_SEMICONDUCTOR,CN_CHINEXT,CN_CSI300
2026-04-13,118.9916,2.38,19.12,3.71,2.95,4.3,1.72,4.9,0.82,3.78,3.212,100.72,34205.0,682.6424,392.8964,616.0671,263.7523,443.34,77.9115,107.0202,435.36,84.7641,36.1883,45.7589,51.2986,56.3681,142.4508,80.4513,60.7542,,23.9976,3.437,4.642
2026-04-14,118.3581,2.37,18.36,3.71,2.84,4.26,1.7,4.87,0.81,3.76,3.212,93.07,39953.0,690.9603,400.7875,627.2531,267.3841,452.0,78.1445,107.3717,445.09,85.2136,36.6151,45.7589,51.4177,55.2232,147.5922,80.3724,61.9182,,24.6983,3.437,4.642
2026-04-15,118.3623,2.39,18.17,3.71,2.85,4.29,1.69,4.89,0.8,3.76,3.212,93.04,39953.0,696.4127,401.4068,636.0342,268.0508,453.0,78.1057,107.3326,440.46,84.8423,36.6052,45.394,51.805,55.0356,147.5922,79.9679,61.8784,,25.1777,3.437,4.642
2026-04-16,118.3616,2.39,17.94,3.7,2.86,4.32,1.71,4.93,0.81,3.78,3.212,96.46,39953.0,698.124,405.4922,639.0976,268.608,454.8,77.9989,106.8347,440.08,84.3049,36.9525,45.394,51.666,55.845,151.6626,80.3329,62.1271,,25.8784,3.437,4.642
2026-04-17,118.0795,2.36,17.48,3.7,2.83,4.26,1.72,4.88,0.8,3.71,3.212,85.91,39953.0,706.5613,415.2412,647.4597,274.409,464.16,78.2901,107.4302,445.93,85.0768,37.3198,45.5321,52.0632,54.3053,153.9872,81.349,63.3109,,24.8776,3.437,4.642
2026-04-18,118.0795,2.36,17.48,3.7,2.83,4.26,1.72,4.88,0.8,3.71,3.212,85.91,39953.0,708.3157,415.5127,648.1347,275.1257,464.16,79.4532,108.8146,445.93,86.0918,37.3198,45.8669,52.2474,54.6283,154.1669,81.884,63.3109,,27.1698,3.67,4.746
2026-04-19,118.0795,2.36,17.48,3.7,2.83,4.26,1.72,4.88,0.8,3.71,3.212,85.91,39953.0,708.3157,415.5127,648.1347,275.1257,464.16,79.4532,108.8146,445.93,86.0918,37.3198,45.8669,52.2474,54.6283,154.1669,81.884,63.3109,,27.1698,3.67,4.746
2026-04-20,118.2374,2.35,18.87,3.71,2.87,4.26,1.72,4.88,0.81,3.72,3.212,91.06,39953.0,705.1484,417.0791,645.4041,275.9712,463.96,78.2222,107.4205,442.09,85.0572,37.3793,45.1276,52.2618,54.3546,154.1669,81.28,62.8533,,26.6435,3.67,4.746
2026-04-21,118.4331,2.38,19.5,3.69,2.85,4.3,1.7,4.89,0.8,3.78,3.212,93.64,44010.0,700.5318,420.2256,642.9493,273.1454,464.66,78.0183,107.0104,429.57,84.5882,36.8334,45.1276,51.9341,55.1442,154.3264,80.7374,61.9281,,27.3626,3.67,4.746
2026-04-22,118.6004,2.38,18.92,3.69,2.84,4.3,1.69,4.9,0.79,3.79,3.212,94.76,44010.0,707.6259,431.2831,653.7062,275.1056,476.83,78.1445,107.2155,435.26,84.7543,36.6945,44.2596,51.8447,55.8055,154.3264,81.0037,63.0523,,27.6577,3.67,4.746
2026-04-23,118.7155,2.42,19.31,3.69,2.86,4.34,1.68,4.92,0.8,3.83,3.212,99.27,44010.0,704.8798,440.5027,650.0242,274.1503,481.85,78.0183,106.9226,431.04,84.5687,36.2181,44.2596,51.4376,56.2398,155.4737,82.3553,62.0276,11.79,27.335,3.67,4.746
2026-04-24,118.7294,2.42,18.71,3.69,2.86,4.31,1.7,4.91,0.8,3.78,3.212,98.42,44010.0,710.3421,461.0794,662.4575,275.2747,506.44,78.1251,107.0007,433.25,84.725,36.5853,44.2596,51.0602,56.1312,159.8434,82.1087,63.4104,11.2281,28.3307,3.67,4.746
2026-04-25,118.7294,2.42,18.71,3.69,2.86,4.31,1.7,4.91,0.8,3.78,3.212,98.42,44010.0,712.1059,461.3809,663.1482,275.9937,506.44,79.2857,108.3795,433.25,85.7359,36.5853,45.8867,51.2409,56.4651,160.0299,82.6487,63.4104,12.0251,28.5856,3.758,4.782
2026-04-26,118.7294,2.42,18.71,3.69,2.86,4.31,1.7,4.91,0.8,3.78,3.212,98.42,44010.0,712.1059,461.3809,663.1482,275.9937,506.44,79.2857,108.3795,433.25,85.7359,36.5853,45.8867,51.2409,56.4651,160.0299,82.6487,63.4104,11.5211,28.5856,3.758,4.782
2026-04-27,118.5458,2.44,18.02,3.68,2.84,4.35,1.7,4.94,0.81,3.78,3.212,99.89,44010.0,711.5659,454.8964,662.8067,275.7623,506.26,78.1542,106.698,429.89,84.3049,36.1784,45.8867,51.4475,56.0325,160.1925,81.2306,63.3109,13.3505,28.8008,3.758,4.782
2026-04-28,118.7717,2.44,17.83,3.68,2.85,4.36,1.7,4.94,0.81,3.84,3.212,103.45,33926.0,708.1035,438.2153,656.141,272.5483,491.21,78.0474,106.7468,421.91,84.3928,35.9798,45.8867,51.4872,56.9603,157.4789,81.9607,62.6643,12.8776,28.7824,3.758,4.782
2026-04-29,119.0975,2.46,18.81,3.68,2.82,4.42,1.69,4.98,0.81,3.92,3.212,110.47,33926.0,707.994,449.4825,660.1524,270.7274,499.58,77.7853,106.1513,417.41,83.7381,36.0692,45.0586,51.5567,58.2632,157.4789,81.8028,62.3658,12.7916,28.3583,3.758,4.782
2026-04-30,118.671,2.46,16.89,3.68,2.83,4.4,1.7,4.98,0.81,3.88,3.23,108.64,33926.0,715.0383,460.9196,666.3092,276.5882,506.72,78.028,106.2685,423.66,83.66,36.5158,45.0586,51.7653,58.8751,159.125,83.1741,63.6591,12.3857,28.5335,3.758,4.782
2026-05-01,118.3926,2.48,16.99,3.68,2.77,4.39,1.69,4.97,0.81,3.88,3.23,105.38,33926.0,717.0183,465.2248,672.7055,277.8916,509.82,78.1243,106.4395,423.18,83.9591,36.5357,45.9168,51.5567,58.0855,157.4789,83.036,63.7984,12.124,28.5335,3.758,4.782
2026-05-02,118.3926,2.48,16.99,3.68,2.77,4.39,1.69,4.97,0.81,3.88,3.23,105.38,33926.0,718.7987,465.5289,673.4068,278.6174,509.82,79.285,107.8112,423.18,84.9608,36.5357,46.2544,51.7392,58.431,161.6779,83.5821,63.7984,12.6225,29.6258,3.689,4.824
2026-05-03,118.3926,2.48,16.99,3.68,2.77,4.39,1.69,4.97,0.81,3.88,3.23,105.38,33926.0,718.7987,465.5289,673.4068,278.6174,509.82,79.285,107.8112,423.18,84.9608,36.5357,46.2544,51.7392,58.431,161.6779,83.5821,63.7984,12.286,29.6258,3.689,4.824
2026-05-04,118.8264,2.5,18.29,3.7,2.78,4.45,1.69,5.02,0.8,3.95,3.23,109.76,33926.0,714.3916,461.5389,671.4382,276.4986,506.79,77.8706,106.0965,414.71,83.3216,36.2776,46.2544,51.2191,58.6185,161.6691,82.4145,63.7685,13.911,30.1929,3.689,4.824
2026-05-05,118.6207,2.47,17.38,3.69,2.77,4.43,1.65,4.98,0.79,3.93,3.23,105.66,35133.0,720.1226,482.1856,680.1495,281.1553,522.69,78.3343,106.9477,418.27,84.12,36.2181,45.7392,51.229,58.6777,165.2406,82.9275,65.0618,14.3493,29.6258,3.689,4.824
2026-05-06,118.0982,2.42,17.39,3.69,2.75,4.36,1.66,4.94,0.78,3.87,3.23,98.75,35133.0,730.1319,506.2984,694.2791,285.3743,549.76,78.5696,107.4792,430.96,84.76,37.2106,45.0882,51.4773,56.2595,169.6303,83.105,67.141,14.4362,29.6258,3.689,4.824
2026-05-07,118.0116,2.45,17.08,3.69,2.79,4.41,1.65,4.97,0.79,3.92,3.23,98.38,35133.0,727.8932,491.8048,693.4509,280.8568,540.1,78.2755,107.0363,431.68,84.3366,36.9128,44.5062,51.1893,55.2232,169.2911,82.8486,66.2457,14.1572,29.6258,3.689,4.824
2026-05-08,118.0392,2.45,17.19,3.69,2.81,4.38,1.65,4.95,0.79,3.9,3.23,98.87,35133.0,733.9028,519.7132,709.706,282.7573,566.54,78.2024,107.0363,433.77,84.42,36.9625,44.1116,50.8815,54.9764,175.1074,83.0459,66.2457,13.4062,31.5205,3.689,4.824
2026-05-09,118.0392,2.45,17.19,3.69,2.81,4.38,1.65,4.95,0.79,3.9,3.23,98.87,35133.0,735.7251,520.053,710.446,283.4958,566.54,79.3642,108.4068,433.77,85.4272,36.9625,44.436,51.0616,55.3034,175.3117,83.592,67.5887,14.1653,32.9293,3.806,4.886
2026-05-10,118.0392,2.45,17.19,3.69,2.81,4.38,1.65,4.95,0.79,3.9,3.23,98.87,35133.0,735.7251,520.053,710.446,283.4958,566.54,79.3642,108.4068,433.77,85.4272,36.9625,44.436,51.0616,55.3034,175.3117,83.592,67.5887,13.478,32.9293,3.806,4.886
2026-05-11,118.0562,2.47,18.38,3.7,2.79,4.42,1.65,4.98,0.78,3.95,3.23,101.56,35133.0,735.5743,532.1592,711.7616,283.9116,576.31,78.0463,108.4068,434.65,83.91,37.1908,44.5259,50.8219,56.4273,177.4618,82.2468,67.5887,14.8082,32.2765,3.806,4.886
2026-05-12,118.5238,2.47,17.99,3.7,2.82,4.46,1.66,5.03,0.77,4.0,3.23,105.78,35133.0,734.46,515.4081,705.7245,281.1653,561.25,77.9389,106.4003,432.93,83.351,37.0518,44.5753,51.2191,56.8221,177.4618,83.3024,65.4797,14.9445,32.4424,3.806,4.886
2026-05-13,118.4737,2.47,17.87,3.69,2.82,4.46,1.66,5.03,0.76,3.98,3.23,104.52,31780.0,738.5692,527.6942,713.1785,281.2648,572.46,77.978,106.8591,430.5,83.1647,37.9749,44.0623,50.6332,56.8813,176.4343,83.5786,65.4797,14.9451,31.5758,3.806,4.886
2026-05-14,118.6696,2.47,17.26,3.69,2.76,4.47,1.62,5.02,0.76,4.0,3.23,104.66,31780.0,744.3996,529.4323,718.2477,283.0359,578.34,77.9194,106.3905,427.21,83.2824,36.9625,44.0623,50.9311,57.3156,179.078,83.8351,67.0316,14.9357,31.9999,3.806,4.886
2026-05-15,119.2825,2.49,18.43,3.69,2.8,4.59,1.62,5.12,0.75,4.09,3.23,108.99,31780.0,735.445,507.9465,707.4109,276.22,556.34,77.5388,105.7143,417.29,82.0467,35.9302,44.0623,50.7425,58.6678,175.8456,83.4997,64.7335,14.928,31.4836,3.806,4.886
2026-05-16,119.2825,2.49,18.43,3.69,2.8,4.59,1.62,5.12,0.75,4.09,3.23,108.99,31780.0,737.2711,508.2786,708.1485,276.9414,556.34,78.6908,107.0765,417.29,83.0256,35.9302,43.5914,50.9221,59.0168,176.0509,84.0488,64.7335,15.7353,33.4301,3.97,5.017
2026-05-17,119.2825,2.49,18.43,3.69,2.8,4.59,1.62,5.12,0.75,4.09,3.23,108.99,31780.0,737.2711,508.2786,708.1485,276.9414,556.34,78.6908,107.0765,417.29,83.0256,35.9302,43.5914,50.9221,59.0168,176.0509,84.0488,64.7335,14.6868,33.4301,3.97,5.017
2026-05-18,119.0574,2.48,17.82,3.68,2.83,4.61,1.59,5.14,0.75,4.07,3.23,112.25,31780.0,734.9276,495.3108,704.3675,274.5981,546.16,77.6169,105.5182,418.43,81.9486,35.8905,43.5914,51.378,59.793,173.9501,84.7427,64.634,15.2932,31.2532,3.97,5.017
2026-05-19,119.451,2.49,18.06,3.67,2.86,4.67,1.57,5.18,0.76,4.13,3.23,112.09,27482.0,730.0324,496.1798,700.0268,271.6429,543.96,77.4315,104.989,411.5,81.419,36.0096,43.7368,50.7425,60.4938,172.8327,84.9301,63.9277,15.2289,29.9609,3.97,4.852
2026-05-20,119.1624,2.44,17.44,3.65,2.8,4.57,1.59,5.11,0.75,4.04,3.23,101.69,27482.0,737.5145,519.7232,711.6219,278.4787,564.66,77.9292,105.8025,417.4,82.2919,35.9699,43.9045,51.2986,59.0232,172.8327,84.9301,65.1215,15.8225,29.8843,3.97,4.869
2026-05-21,119.369,2.39,16.76,3.68,2.78,4.57,1.59,5.1,0.75,4.08,3.23,100.2,27482.0,738.9771,524.1183,712.979,281.0857,567.88,77.9682,106.0181,416.99,82.5959,35.6225,43.9045,51.3681,58.3619,178.1801,83.5194,65.6886,15.8268,31.2244,3.97,4.869
2026-05-22,119.2868,2.4,16.7,3.68,2.74,4.56,1.57,5.07,0.74,4.13,3.23,100.35,27482.0,741.8824,536.724,716.0025,283.7026,576.32,77.978,106.2141,413.82,83.047,35.2553,44.7331,51.5766,58.7172,179.9659,83.6575,65.5393,15.2959,32.1721,3.97,4.869
2026-05-23,119.2868,2.4,16.7,3.68,2.74,4.56,1.57,5.07,0.74,4.13,3.23,100.35,27482.0,743.7245,537.075,716.749,284.4436,576.32,79.1364,107.5828,413.82,84.0379,35.2553,45.062,51.7591,59.0665,180.176,84.2077,65.5393,15.9802,33.61,3.923,4.869
2026-05-24,119.2868,2.4,16.7,3.68,2.74,4.56,1.57,5.07,0.74,4.13,3.23,100.35,27482.0,743.7245,537.075,716.749,284.4436,576.32,79.1364,107.5828,413.82,84.0379,35.2553,45.062,51.7591,59.0665,180.176,84.2077,65.5393,14.3553,33.61,3.923,4.869
2026-05-25,119.2868,2.4,16.59,3.68,2.74,4.56,1.57,5.07,0.74,4.13,3.23,100.35,27482.0,743.7245,537.075,716.749,284.4436,576.32,79.1364,107.5828,413.82,84.0379,35.2553,45.062,51.7591,59.0665,180.176,84.2077,65.5393,13.9454,33.5888,3.923,4.869
2026-05-26,119.1696,2.4,17.01,3.68,2.72,4.5,1.56,5.03,0.74,4.01,3.23,97.63,28952.0,746.8074,569.4471,728.7152,289.0658,602.14,78.2414,106.616,414.0,83.4589,35.4836,45.062,51.4872,57.0985,184.7048,82.5033,68.0463,13.8439,33.6079,3.923,4.869
2026-05-27,119.1829,2.39,16.29,3.68,2.71,4.48,1.57,5.01,0.74,4.0,3.23,92.35,28952.0,746.6781,563.344,727.887,288.9265,595.5,78.1926,106.763,408.49,83.6551,35.0568,45.062,51.0602,56.2497,183.9964,83.4405,68.0364,13.7897,34.7087,3.923,4.869
2026-05-28,119.0318,2.39,15.74,3.69,2.72,4.45,1.57,4.98,0.73,3.99,3.23,92.65,28952.0,750.7972,568.8278,734.0238,290.5783,599.83,78.2902,107.5828,412.77,84.0866,34.7292,44.0229,50.9113,56.2102,186.4108,83.2925,65.5393,13.9229,33.8472,3.923,4.937
2026-05-29,118.8783,2.38,15.32,3.69,2.72,4.45,1.57,4.99,0.73,3.98,3.23,91.16,28952.0,752.6678,568.4382,736.728,288.9862,598.93,78.3683,107.1844,417.12,84.1062,34.7888,44.0229,51.2191,55.5588,190.5709,81.793,68.2453,13.1745,34.5077,3.923,4.937
2026-05-30,118.8783,2.38,15.32,3.69,2.72,4.45,1.57,4.99,0.73,3.98,3.23,91.16,28952.0,754.5366,568.8099,737.4961,289.741,598.93,79.5326,108.5657,417.12,85.1097,34.7888,44.1379,51.4004,55.8892,190.7933,82.3309,68.2453,13.9236,33.61,4.138,4.923
2026-05-31,118.8783,2.38,15.32,3.69,2.74,4.45,1.57,4.99,0.74,3.98,3.248,91.16,28952.0,754.5366,568.8099,737.4961,289.741,598.93,79.5326,108.5657,417.12,85.1097,34.7888,44.1379,51.4004,55.8892,190.7933,82.3309,68.2453,12.2737,33.61,4.138,4.923
2026-06-01,119.1653,2.4,16.05,3.78,2.72,4.47,1.54,4.99,0.73,4.05,3.248,95.96,28952.0,754.7174,571.285,741.1485,287.5434,607.81,78.3084,107.1679,411.26,84.1515,35.0766,44.1379,51.0702,56.5556,195.2998,80.9248,69.7176,12.7408,34.8619,4.138,4.923
2026-06-02,119.0359,2.39,15.77,3.77,2.71,4.46,1.54,4.97,0.74,4.05,3.248,97.47,30620.0,755.7422,604.3377,744.5611,290.2101,632.21,78.3673,107.1581,411.95,84.3287,36.089,44.1379,51.0999,57.2071,197.744,80.7275,70.4339,12.71,34.8523,4.138,4.923
2026-06-03,119.3848,2.38,16.06,3.78,2.75,4.49,1.54,4.99,0.74,4.08,3.248,99.76,30620.0,750.439,614.9857,742.6153,286.2399,637.9,78.1515,107.1581,407.87,83.994,35.2751,43.1154,50.5141,57.9473,195.7687,81.0531,70.4339,12.8145,35.1778,4.138,4.923
2026-06-04,119.3615,2.36,15.4,3.78,2.74,4.47,1.54,4.97,0.74,4.05,3.248,96.83,30620.0,753.2747,602.0403,739.023,290.5584,627.53,78.2986,107.0892,411.27,84.181,35.2057,43.1154,51.8248,57.9868,192.7159,80.9347,68.7427,11.4749,34.6513,4.138,4.923
2026-06-05,120.0831,2.36,21.51,3.78,2.76,4.55,1.51,5.01,0.74,4.17,3.248,94.32,30620.0,733.8331,539.1613,703.5492,280.2499,569.69,77.9063,106.4202,396.24,83.7478,34.491,43.1154,51.9341,56.9208,179.8762,82.3158,64.256,10.9683,33.8089,4.138,4.923
2026-06-06,120.0831,2.36,21.51,3.78,2.76,4.55,1.51,5.01,0.74,4.17,3.248,94.32,30620.0,735.6552,539.5138,704.2828,280.9818,569.69,79.0637,107.7916,396.24,84.747,34.491,44.0683,52.1179,57.2594,180.0861,82.8572,64.256,11.696,36.75,3.977,4.923
2026-06-07,120.0831,2.36,21.51,3.78,2.76,4.55,1.51,5.01,0.74,4.17,3.248,94.32,30620.0,735.6552,539.5138,704.2828,280.9818,569.69,79.0637,107.7916,396.24,84.747,34.491,44.0683,52.1179,57.2594,180.0861,82.8572,64.256,10.4758,36.75,3.977,4.923
2026-06-08,120.034,2.35,18.92,3.8,2.75,4.56,1.52,5.03,0.75,4.15,3.248,95.0,30620.0,735.4947,570.8056,714.5356,282.6976,598.16,78.0142,106.312,397.27,83.3146,34.4215,42.928,51.6064,57.5723,183.747,81.9508,65.41,12.0864,36.75,3.977,4.923
2026-06-09,119.9617,2.33,19.87,3.79,2.78,4.53,1.53,5.01,0.75,4.13,3.248,91.9,27523.0,733.3357,561.5061,706.3133,283.6031,591.01,78.0926,106.6564,390.78,83.8069,34.4315,43.3817,52.093,56.6445,180.345,82.9669,65.4797,11.6969,36.75,3.977,4.923
2026-06-10,119.9134,2.34,22.22,3.79,2.8,4.55,1.53,5.03,0.75,4.13,3.248,93.68,27523.0,721.7742,540.8993,692.2036,280.6479,570.91,77.9455,106.4104,374.58,83.5706,34.491,43.3817,51.8646,57.4933,176.2148,84.3382,64.3257,11.7219,32.0764,3.977,4.923
2026-06-11,120.1174,2.29,19.44,3.78,2.78,4.45,1.55,4.95,0.75,4.05,3.248,91.58,27523.0,734.0421,586.2681,715.5834,288.9663,609.45,78.4065,107.3155,386.32,84.6536,34.6498,43.3817,52.2518,56.378,182.7793,84.1212,67.151,12.4149,32.2678,3.977,4.923
2026-06-12,119.5073,2.31,17.68,3.78,2.71,4.48,1.53,4.97,0.74,4.09,3.248,88.62,27523.0,738.012,595.5776,719.7943,291.4937,619.96,78.4065,107.2467,386.54,84.4469,35.027,43.3817,52.9668,56.8024,184.3656,84.6638,67.529,11.7657,33.426,3.977,4.923
2026-06-13,119.5073,2.31,17.68,3.78,2.71,4.48,1.53,4.97,0.74,4.09,3.248,88.62,27523.0,739.8445,595.967,720.5448,292.255,619.96,79.5713,108.6287,386.54,85.4544,35.027,44.2472,53.1543,57.1403,184.5807,85.2206,67.529,12.4706,34.95,3.977,4.818
2026-06-14,119.5073,2.31,17.68,3.78,2.71,4.48,1.53,4.97,0.74,4.09,3.248,88.62,27523.0,739.8445,595.967,720.5448,292.255,619.96,79.5713,108.6287,386.54,85.4544,35.027,44.2472,53.1543,57.1403,184.5807,85.2206,67.529,12.4706,34.95,3.977,4.818
2026-06-15,119.3158,2.32,16.2,3.79,2.66,4.47,1.53,4.97,0.73,4.07,3.248,84.65,27523.0,751.0261,628.0394,742.4058,293.8725,647.1,78.5046,107.227,396.55,84.3976,35.11,44.2472,53.1853,54.8284,191.3391,84.3283,69.75,13.06,34.6034,3.977,4.818
2026-06-16,119.256,2.29,16.41,3.79,2.71,4.43,1.55,4.93,0.75,4.05,3.248,79.8,25678.0,746.5487,590.8537,728.2961,291.3191,616.0,78.4948,107.3549,397.63,84.8604,34.56,44.2472,53.9697,54.6408,186.0017,84.4369,68.64,13.1629,35.0533,3.977,4.818
2026-06-17,119.3871,2.26,18.44,3.83,2.63,4.49,1.5,4.93,0.74,4.2,3.248,80.65,25678.0,737.226,599.3381,720.9618,289.1249,623.97,78.2005,108.6287,388.6,84.9982,33.65,43.8552,53.6718,53.9598,185.3632,82.5526,67.529,13.0653,35.082,3.977,4.818
2026-06-18,120.3958,2.25,16.4,3.83,2.66,4.46,1.51,4.9,0.74,4.19,3.248,80.35,25678.0,744.8905,639.0322,739.033,294.82,659.88,78.4752,107.3057,387.12,85.4117,33.3,43.8552,53.1952,53.0715,190.99,82.1777,70.79,13.1525,35.7425,3.977,4.818
2026-06-19,120.3958,2.25,16.78,3.83,2.66,4.46,1.51,4.9,0.74,4.19,3.248,80.35,25678.0,744.8905,639.0322,739.033,294.82,659.88,78.4752,107.3057,387.12,85.4117,33.3,44.1511,53.1952,53.0715,190.99,82.1777,70.79,12.4782,35.7425,3.977,4.818
2026-06-20,120.3958,2.25,16.78,3.83,2.66,4.46,1.51,4.9,0.74,4.19,3.248,80.35,25678.0,746.74,639.45,739.8036,295.59,659.88,79.641,108.6885,387.12,86.4308,33.3,44.4757,53.3835,53.3872,191.2128,82.7182,70.79,13.1526,36.65,4.045,4.919
2026-06-21,120.3958,2.25,16.78,3.83,2.66,4.46,1.51,4.9,0.74,4.19,3.248,80.35,25678.0,746.74,639.45,739.8036,295.59,659.88,79.641,108.6885,387.12,86.4308,33.3,44.4757,53.3835,53.3872,191.2128,82.7182,70.79,12.3669,36.65,4.045,4.919
2026-06-22,120.5463,2.23,17.28,3.85,2.65,4.51,1.51,4.95,0.74,4.24,3.248,78.94,25678.0,742.5463,654.582,737.1814,297.4032,668.91,78.4065,107.0204,384.59,84.7619,33.43,44.3936,53.5106,53.7403,191.926,81.6431,71.21,14.3708,37.4368,4.045,4.919
2026-06-23,121.0552,2.21,19.49,3.85,2.71,4.5,1.51,4.94,0.74,4.16,3.248,74.62,22632.0,731.763,602.9957,712.9067,294.5507,622.05,78.3379,107.1483,377.32,84.8702,32.83,44.3936,53.69,54.138,183.9753,83.173,67.17,14.2847,37.0443,4.045,4.919
2026-06-24,121.412,2.18,18.63,3.85,2.76,4.41,1.52,4.86,0.75,4.11,3.248,71.42,22632.0,731.4239,601.107,709.8799,295.9171,618.92,78.3182,107.6402,365.92,86.032,32.36,44.3936,53.5305,53.2532,182.8366,83.8883,67.25,15.0228,36.1445,4.045,4.919
2026-06-25,121.0559,2.21,18.89,3.84,2.78,4.4,1.54,4.86,0.76,4.09,3.248,72.67,22632.0,732.4813,624.7915,715.6339,298.1313,636.88,78.3477,107.7287,369.46,86.0025,31.68,44.3936,53.2615,53.7702,184.3549,83.3916,67.96,14.8524,36.1733,4.045,4.919
2026-06-26,120.8866,2.2,18.41,3.83,2.83,4.38,1.56,4.87,0.77,4.07,3.248,70.3,22632.0,727.1844,589.5545,705.7841,299.0489,611.61,78.2986,107.7287,373.63,86.0123,31.59,45.8628,53.3811,53.5216,180.8989,84.1565,67.96,14.3208,34.278,4.045,4.919
2026-06-27,120.8866,2.2,18.41,3.83,2.83,4.38,1.56,4.87,0.77,4.07,3.248,70.3,22632.0,728.99,589.94,706.52,299.83,611.61,79.4619,109.117,373.63,87.0385,31.59,46.2,53.57,53.84,181.11,84.71,67.19,14.851,35.81,4.395,4.942
2026-06-28,120.8866,2.2,18.41,3.83,2.83,4.38,1.56,4.87,0.77,4.07,3.248,70.3,22632.0,728.99,589.94,706.52,299.83,611.61,79.4619,109.117,373.63,87.0385,31.59,46.2,53.57,53.84,181.11,84.71,67.19,13.2135,35.81,4.395,4.942
2026-06-29,120.9525,2.22,17.65,3.87,2.8,4.38,1.55,4.86,0.76,4.1,3.248,71.87,22632.0,739.1647,613.9486,723.3258,298.1912,631.98,78.4752,107.9255,368.58,86.1009,31.71,45.6841,53.5305,53.2632,181.11,83.8187,67.43,13.9047,34.4981,4.395,4.942
2026-06-30,120.9248,2.24,16.45,3.87,2.75,4.44,1.53,4.91,0.76,4.14,3.283,70.56,33091.0,744.9204,640.3413,735.633,299.6673,655.89,78.4359,107.3057,368.38,85.0868,31.59,45.6841,53.4209,52.7959,190.2979,82.5272,68.41,14.61,35.7617,4.395,4.942
2026-07-01,121.1455,2.23,16.59,3.85,2.74,4.48,1.54,4.97,0.76,4.17,3.283,69.74,33091.0,743.9129,599.3082,724.4147,298.5403,620.46,78.4249,107.0801,370.6,84.5117,31.97,45.6841,54.5868,52.4977,185.4036,82.7557,66.48,14.1271,36.2403,4.395,4.942
2026-07-02,120.6902,2.23,16.15,3.82,2.75,4.49,1.54,4.98,0.75,4.14,3.283,69.73,33091.0,742.9353,565.95,711.8578,296.8048,592.29,78.5431,107.2578,378.13,84.5018,31.91,45.6841,55.4238,52.9053,180.3795,84.4347,65.7,14.0988,36.3551,4.395,4.942
2026-07-03,120.6902,2.23,15.81,3.82,2.74,4.49,1.54,4.98,0.75,4.14,3.283,69.73,33091.0,742.9353,565.95,711.8578,296.8048,592.29,78.5431,107.2578,378.13,84.5018,31.91,45.6841,55.4238,52.9053,180.3795,84.4347,65.7,13.3857,36.0488,4.395,4.942
2026-07-04,120.6902,2.23,15.81,3.82,2.74,4.49,1.54,4.98,0.75,4.14,3.283,69.73,33091.0,744.78,566.32,712.6,297.58,592.29,79.71,108.64,378.13,85.51,31.91,45.76,55.62,53.22,180.59,84.99,65.7,14.0989,37.66,4.037,4.876
2026-07-05,120.6902,2.23,15.81,3.82,2.74,4.49,1.54,4.98,0.75,4.14,3.283,69.73,33091.0,744.78,566.32,712.6,297.58,592.29,79.71,108.64,378.13,85.51,31.91,45.76,55.62,53.22,180.59,84.99,65.7,13.3135,37.66,4.037,4.876
2026-07-06,120.835,2.24,15.57,3.87,2.72,4.48,1.56,4.99,0.75,4.13,3.283,69.6,33091.0,749.4192,581.13,722.0671,298.1214,604.3,78.7008,107.2874,382.13,84.4425,32.49,45.76,55.942,52.8158,183.356,83.5505,67.57,13.9668,35.9244,4.037,4.876
2026-07-07,120.8145,2.25,16.13,3.86,2.67,4.55,1.55,5.05,0.76,4.19,3.283,71.53,33091.0,745.858,551.3295,708.6911,295.4184,581.45,78.5924,106.5075,377.49,83.5531,32.49,45.3664,55.8523,54.3169,183.356,84.3055,65.72,14.4146,34.7566,4.037,4.876
2026-07-08,121.1307,2.25,16.9,3.87,2.7,4.56,1.56,5.06,0.76,4.21,3.283,74.56,33091.0,743.5538,561.6628,710.699,292.7155,593.0,78.4939,106.3002,374.45,83.3654,33.44,45.3664,54.7761,55.2712,181.1886,83.8386,66.23,14.263,34.613,4.037,4.876
2026-07-09,120.753,2.23,15.84,3.83,2.7,4.54,1.56,5.05,0.76,4.16,3.283,73.15,33091.0,749.8481,581.3199,722.5267,296.4657,607.73,78.5825,106.3397,378.18,83.4938,33.41,45.3664,55.3441,54.4958,185.134,82.6564,66.78,14.2902,34.9097,4.037,4.876
2026-07-10,120.5046,2.24,15.03,3.85,2.69,4.56,1.58,5.06,0.77,4.21,3.283,72.45,33091.0,753.0801,580.9602,724.7543,295.219,611.03,78.5431,106.0928,377.01,83.4741,33.48,45.3664,55.5135,54.7543,185.5635,83.5704,66.9,13.4468,34.9097,4.037,4.876
2026-07-11,120.6902,2.24,15.84,3.83,2.7,4.54,1.56,5.05,0.76,4.16,3.283,69.6,21066.0,754.95,581.34,725.51,295.99,611.03,79.71,107.46,377.01,84.47,33.48,45.41,55.71,55.08,185.78,84.12,66.9,14.2879,36.47,3.862,4.916
2026-07-12,120.6902,2.24,15.84,3.83,2.7,4.54,1.56,5.05,0.76,4.16,3.283,69.6,21066.0,754.95,581.34,725.51,295.99,611.03,79.71,107.46,377.01,84.47,33.48,45.41,55.71,55.08,185.78,84.12,66.9,12.5658,36.47,3.862,4.916
2026-07-13,120.7413,2.26,17.16,3.89,2.69,4.62,1.56,5.1,0.78,4.26,3.283,79.2,21066.0,747.3144,553.2483,710.9987,292.7155,585.62,78.3559,107.46,367.13,82.98,33.44,45.3863,55.8723,56.4045,181.0687,84.0373,66.9,13.995,34.5556,3.862,4.916
2026-07-14,120.4728,2.25,16.5,3.84,2.72,4.58,1.6,5.08,0.79,4.18,3.283,80.44,25502.0,749.9678,567.5489,718.9404,293.7428,600.31,78.5136,105.846,372.15,83.0887,33.77,45.3565,55.9819,56.6132,183.406,82.8749,65.67,12.909,33.8185,3.862,4.916
2026-07-15,120.3088,2.23,15.67,3.83,2.71,4.55,1.6,5.08,0.79,4.13,3.283,80.73,25502.0,752.9405,554.9072,716.9924,294.9995,590.77,78.6417,106.2113,372.35,83.2468,34.28,44.8899,56.3605,56.1659,183.406,82.9246,65.57,12.965,34.7183,3.862,4.916
2026-07-16,120.331,2.22,16.73,3.84,2.71,4.57,1.59,5.09,0.78,4.16,3.283,80.03,25502.0,748.8606,530.1534,705.2047,294.82,568.92,78.6318,106.1323,364.96,83.2171,34.53,44.8899,56.5499,56.6828,177.3131,85.2493,64.19,12.9579,34.4694,3.862,4.916
2026-07-17,120.5315,2.24,18.77,3.85,2.73,4.55,1.59,5.06,0.79,4.18,3.283,83.43,25502.0,741.449,521.4691,694.6058,293.274,556.53,78.484,106.1916,368.41,83.5235,34.13,44.8403,56.0616,57.3389,175.3853,84.6334,63.29,12.1174,31.9232,3.862,4.916
2026-07-18,120.6902,2.24,16.73,3.84,2.71,4.57,1.59,5.09,0.78,4.16,3.283,79.2,25502.0,743.29,581.34,695.33,294.04,611.03,79.71,107.46,377.01,84.47,33.48,45.41,55.71,55.08,185.78,84.12,66.9,13.0045,33.35,3.463,4.837
2026-07-19,120.6902,2.24,16.73,3.84,2.71,4.57,1.59,5.09,0.78,4.16,3.283,79.2,25502.0,743.29,581.34,695.33,294.04,611.03,79.71,107.46,377.01,84.47,33.48,45.41,55.71,55.08,185.78,84.12,66.9,12.5357,33.35,3.463,4.837
2026-07-20,120.5401,2.25,18.65,3.86,2.69,4.6,1.61,5.11,0.78,4.21,3.283,84.38,25502.0,740.252,523.7975,695.335,291.5485,558.83,78.5136,105.7868,367.6,82.9009,35.04,45.41,55.8424,57.5974,175.5052,84.3055,63.56,13.5105,31.2723,3.463,4.837
2026-07-21,120.5779,2.26,17.05,3.87,2.69,4.63,1.6,5.13,0.78,4.26,3.283,86.04,17468.0,746.4266,552.3289,708.2316,295.7675,584.08,78.484,107.46,374.81,82.6736,34.63,44.5921,55.9121,58.1541,180.5693,83.5108,66.9,13.3684,32.7751,3.463,4.837
2026-07-22,120.5736,2.28,16.64,3.89,2.68,4.67,1.58,5.15,0.78,4.31,3.283,87.66,17468.0,745.5588,555.157,704.6153,293.0247,586.91,78.3559,105.3129,379.12,82.4562,34.43,45.5947,55.8523,58.8499,180.0599,83.8287,64.99,13.3745,33.5983,3.463,4.837
2026-07-23,120.9075,2.28,18.7,3.95,2.77,4.71,1.58,5.17,0.79,4.37,3.283,93.08,17468.0,736.3517,550.8798,691.2393,291.3291,580.17,78.4171,105.3604,371.52,82.5204,34.46,45.8528,55.6331,59.0289,178.242,82.6663,64.6,13.3865,33.35,3.463,4.787
2026-07-24,120.7105,2.26,18.58,3.96,2.79,4.69,1.59,5.16,0.8,4.33,3.283,91.74,17468.0,737.0998,526.6657,683.5173,290.4115,561.19,78.0702,104.8785,371.9,82.2685,34.58,45.9521,56.1114,59.2675,178.242,83.5803,63.33,12.4695,32.6316,3.463,4.787
2026-07-25,120.6902,2.26,18.7,3.95,2.77,4.71,1.58,5.17,0.79,4.37,3.283,84.38,17468.0,738.93,527.01,684.23,291.17,561.19,79.23,106.23,371.9,83.25,34.58,46.29,56.31,59.62,175.88,84.13,63.33,13.3955,34.09,3.463,4.787
2026-07-26,120.6902,2.26,18.7,3.95,2.77,4.71,1.58,5.17,0.79,4.37,3.283,84.38,17468.0,738.93,527.01,684.23,291.17,561.19,79.23,106.23,371.9,83.25,34.58,46.29,56.31,59.62,175.88,84.13,63.33,12.73,34.09,3.463,4.787
2026-07-27,120.7739,2.21,18.67,3.96,2.81,4.65,1.61,5.12,0.81,4.31,3.283,84.25,17468.0,737.2594,515.8927,681.4095,292.147,548.55,78.1096,105.1549,374.63,82.7626,35.28,45.3466,56.6794,58.0149,174.0968,84.8023,63.62,12.3526,32.5263,3.463,4.787
2026-07-28,120.6247,2.2,18.21,3.9,2.84,4.61,1.62,5.09,0.81,4.26,3.283,80.91,15239.0,739.025,491.1389,674.7864,292.6058,529.6,78.2574,105.4709,369.37,83.2468,35.65,45.1877,57.3969,57.2296,170.8906,86.4912,62.36,12.5292,30.6023,3.463,4.787
2026-07-29,120.7892,2.26,20.66,3.83,2.87,4.67,1.6,5.2,0.81,4.22,3.283,86.08,15239.0,727.6533,464.6962,661.0408,287.8183,504.22,78.08,104.8686,371.08,81.8732,36.12,45.1877,56.4801,58.3032,166.3758,86.7892,61.07,13.7992,28.8697,3.463,4.787
2026-07-30,119.6753,2.27,17.09,3.82,2.84,4.68,1.64,5.21,0.8,4.23,3.283,85.15,15239.0,739.853,504.2003,682.838,291.8278,538.9,78.3066,105.0562,377.16,81.8238,36.52,45.1877,56.799,58.6114,175.5252,84.9116,63.59,13.7974,28.8984,3.463,4.787
2026-07-31,119.7034,2.28,15.99,3.83,2.85,4.75,1.63,5.27,0.79,4.28,3.309,86.16,15239.0,745.1797,504.5601,687.2734,290.4414,540.53,78.3165,104.8982,371.54,81.2802,36.5,45.1877,56.7392,59.1979,175.1456,84.4943,64.09,13.0505,31.7796,3.463,4.787
2026-08-01,120.6902,2.28,17.09,3.82,2.84,4.68,1.64,5.21,0.8,4.23,3.283,84.25,15239.0,747.03,504.89,687.99,291.2,540.53,79.48,106.25,371.54,82.25,36.5,44.35,56.94,59.55,175.35,85.05,64.09,13.9369,34.09,3.463,4.653
2026-08-02,120.6902,2.28,17.09,3.82,2.84,4.68,1.64,5.21,0.8,4.23,3.283,84.25,15239.0,747.03,504.89,687.99,291.2,540.53,79.48,106.25,371.54,82.25,36.5,44.35,56.94,59.55,175.35,85.05,64.09,12.5284,34.09,3.463,4.653
2026-08-03,119.6951,2.27,15.86,3.91,2.78,4.7,1.61,5.23,0.78,4.25,3.283,81.96,15239.0,755.7934,507.3483,699.3408,295.4484,545.46,78.5287,105.2131,371.71,81.5481,36.46,44.0362,57.1776,58.4424,175.35,84.3055,64.32,12.8325,32.2774,3.463,4.653
2026-08-04,119.5977,2.23,16.5,3.89,2.73,4.63,1.64,5.18,0.78,4.2,3.283,77.33,20508.0,769.4195,541.8557,723.0961,300.9241,575.71,79.1164,106.314,374.16,82.5042,36.31,43.788,57.6759,58.174,186.6821,84.8122,66.0,13.5698,34.09,3.463,4.651
2026-08-05,119.3881,2.22,15.81,3.89,2.75,4.63,1.62,5.17,0.78,4.18,3.283,76.78,20508.0,767.8834,530.3532,716.5529,298.9891,569.7,78.7366,105.8378,389.64,82.3518,36.08,43.788,57.7955,56.9711,185.6933,84.7725,65.72,13.5793,33.6271,3.463,4.651
2026-08-06,119.5113,2.26,15.15,3.9,2.71,4.69,1.61,5.22,0.78,4.25,3.283,78.88,20508.0,766.6564,532.1721,713.9057,297.4731,571.48,78.6772,105.461,389.67,81.8756,35.95,43.0634,57.6061,57.8161,186.6821,84.5539,65.02,13.6094,33.5888,3.463,4.651
2026-08-07,119.0649,2.25,14.9,3.87,2.7,4.65,1.64,5.19,0.78,4.19,3.283,79.77,20508.0,771.3448,542.915,722.2769,300.7744,582.7,78.8257,105.6494,398.47,82.1137,36.17,43.2917,57.3969,57.16,186.6821,84.5638,65.64,12.9108,33.2633,3.463,4.651
2026-08-08,120.6902,2.25,15.15,3.9,2.71,4.69,1.61,5.22,0.78,4.25,3.283,81.96,20508.0,773.26,543.27,723.03,301.56,582.7,79.61,106.55,398.47,82.76,36.17,43.61,57.6,57.5,187.97,85.12,65.64,13.3184,34.75,3.463,4.751
2026-08-09,120.6902,2.25,15.15,3.9,2.71,4.69,1.61,5.22,0.78,4.25,3.283,81.96,20508.0,773.26,543.27,723.03,301.56,582.7,79.61,106.55,398.47,82.76,36.17,43.61,57.6,57.5,187.97,85.12,65.64,11.5843,34.75,3.463,4.751
2026-08-10,119.1187,2.29,15.46,3.89,2.7,4.72,1.62,5.25,0.78,4.25,3.283,83.76,20508.0,771.1153,529.0441,720.1192,299.1986,569.41,78.697,105.0644,402.54,81.4192,36.49,43.61,57.6061,59.8241,186.1028,84.395,65.17,12.9072,33.9812,3.463,4.751
2026-08-11,119.179,2.27,15.28,3.89,2.72,4.7,1.64,5.24,0.79,4.22,3.283,84.77,17873.0,768.6515,533.851,717.7017,300.2059,572.93,78.7267,105.0941,400.96,81.5481,35.66,43.61,57.5962,60.5697,185.8731,84.1367,65.43,12.9117,33.9429,3.463,4.751
2026-08-12,119.1179,2.26,14.55,3.87,2.71,4.68,1.66,5.24,0.79,4.2,3.283,84.97,17873.0,770.5767,546.2528,722.9462,301.9214,584.83,78.8257,105.223,404.92,81.4688,35.23,43.61,57.7157,60.6691,188.6399,84.5241,66.46,12.9033,34.3928,3.463,4.751
2026-08-13,119.1848,2.24,14.63,3.87,2.71,4.63,1.67,5.21,0.79,4.15,3.283,82.77,17873.0,775.9533,550.3801,731.3075,302.7094,589.12,79.0039,105.6494,398.96,81.945,34.86,43.61,58.0545,60.6989,190.5476,85.4381,66.68,13.0654,35.0055,3.463,4.751
2026-08-14,118.9028,2.27,14.25,3.86,2.67,4.68,1.69,5.25,0.8,4.17,3.283,83.99,17873.0,774.4171,550.0604,730.3086,304.2952,587.82,78.9247,105.223,401.48,81.3993,34.89,43.61,57.9549,61.5439,189.7885,85.5275,66.61,12.434,34.8236,3.463,4.751
2026-08-15,120.6902,2.27,14.63,3.87,2.71,4.63,1.67,5.21,0.79,4.15,3.283,84.77,17873.0,776.34,550.42,731.07,305.09,587.82,79.71,106.12,401.48,82.04,34.89,44.31,58.16,61.91,190.01,86.09,66.61,12.8333,36.38,3.463,4.751
2026-08-16,120.6902,2.27,14.63,3.87,2.71,4.63,1.67,5.21,0.79,4.15,3.283,84.77,17873.0,776.34,550.42,731.07,305.09,587.82,79.71,106.12,401.48,82.04,34.89,44.31,58.16,61.91,190.01,86.09,66.61,12.6889,36.38,3.463,4.751
2026-08-17,118.814,2.28,15.19,3.87,2.7,4.72,1.69,5.31,0.81,4.19,3.283,86.04,17873.0,770.7562,558.7547,729.1098,303.2679,594.07,78.8257,104.8066,405.49,80.7147,35.1,43.8575,57.3769,62.2099,190.01,84.1267,67.32,13.6194,34.68,3.463,4.751
2026-08-18,118.9831,2.3,15.84,3.86,2.75,4.71,1.68,5.28,0.82,4.19,3.283,86.48,21371.0,765.5492,531.0428,716.7627,299.4479,569.77,78.7465,104.9454,398.55,81.0223,35.06,43.6987,57.636,63.3034,190.0982,84.1267,65.34,12.5178,33.88,3.463,4.801
2026-08-19,118.3328,2.3,14.89,3.86,2.73,4.65,1.64,5.19,0.81,4.19,3.283,87.28,21371.0,767.1552,519.3304,715.3342,300.934,560.92,78.9247,105.6692,413.84,82.3717,35.68,43.6987,57.2773,63.204,183.4259,85.9746,66.11,13.9182,33.12,3.463,4.801
2026-08-20,118.2548,2.34,16.01,3.87,2.75,4.69,1.64,5.23,0.82,4.19,3.283,89.75,21371.0,760.7112,522.0087,710.1895,296.8946,562.65,78.7762,105.1635,415.26,81.697,35.67,43.6987,56.7492,63.373,182.8866,84.7625,66.62,14.032,33.45,3.463,4.801
2026-08-21,118.0628,2.34,15.13,3.88,2.7,4.74,1.63,5.27,0.81,4.24,3.283,87.21,21371.0,763.8234,519.7102,712.6969,299.1786,560.42,78.8257,105.0247,423.36,81.4092,35.86,43.6987,57.2773,63.2637,183.0963,85.4282,67.12,13.3895,33.65,3.463,4.801
2026-08-22,120.6902,2.34,16.01,3.87,2.75,4.69,1.64,5.23,0.82,4.19,3.283,86.48,17873.0,765.72,520.05,713.44,299.96,560.42,79.61,105.92,423.36,82.05,35.86,42.77,57.48,63.64,183.31,85.99,67.12,13.7144,33.88,3.463,4.787
2026-08-23,120.6902,2.34,16.01,3.87,2.75,4.69,1.64,5.23,0.82,4.19,3.283,86.48,17873.0,765.72,520.05,713.44,299.96,560.42,79.61,105.92,423.36,82.05,35.86,42.77,57.48,63.64,183.31,85.99,67.12,13.3469,33.88,3.463,4.787
2026-08-24,118.3195,2.32,15.85,3.87,2.69,4.7,1.63,5.23,0.81,4.24,3.283,86.34,17873.0,761.579,505.8493,705.5843,297.1938,546.8,78.9148,105.2825,426.69,81.9152,35.55,42.77,58.0147,62.7368,179.8401,86.8786,66.11,12.6605,33.51,3.463,4.787
2026-08-25,118.2283,2.32,15.45,3.86,2.7,4.64,1.62,5.17,0.81,4.17,3.283,83.9,17477.0,764.013,513.7241,709.9797,298.4505,555.82,79.1327,105.9568,428.07,82.8181,35.56,42.77,58.1044,61.693,181.5282,85.9547,67.25,13.2654,33.67,3.463,4.787
2026-08-26,118.4461,2.32,15.21,3.85,2.67,4.66,1.61,5.18,0.8,4.19,3.283,83.46,17477.0,764.1826,515.0632,710.6291,298.1513,555.77,79.1129,105.8775,421.32,82.6495,35.55,42.77,58.0545,62.0608,182.6269,85.7063,67.17,13.1026,34.36,3.463,4.787
2026-08-27,118.3583,2.33,14.51,3.84,2.63,4.67,1.6,5.19,0.79,4.2,3.283,84.81,17477.0,769.1901,525.0867,720.3589,299.029,573.0,79.0832,105.8279,422.6,82.4808,35.24,42.77,57.6759,61.9217,188.3902,84.5241,67.61,13.0999,34.27,3.463,4.787
2026-08-28,118.7479,2.31,14.43,3.9,2.6,4.73,1.54,5.22,0.79,4.34,3.283,84.57,17477.0,767.4445,508.2877,715.6838,294.9796,553.11,78.9544,105.4511,408.89,82.2327,35.51,42.4181,57.8951,62.3094,185.4736,84.8917,67.14,12.8274,33.67,3.463,4.691
2026-08-29,120.6902,2.33,14.51,3.84,2.63,4.67,1.61,5.19,0.79,4.2,3.283,83.9,17873.0,769.35,508.62,716.43,295.75,553.11,79.74,106.86,408.89,82.88,35.51,42.73,58.1,62.68,185.69,85.45,67.14,13.1511,34.58,3.463,4.616
2026-08-30,120.6902,2.33,14.51,3.84,2.63,4.67,1.61,5.19,0.79,4.2,3.283,83.9,17873.0,769.35,508.62,716.43,295.75,553.11,79.74,106.86,408.89,82.88,35.51,42.73,58.1,62.68,185.69,85.45,67.14,11.6597,34.58,3.463,4.616
2026-08-31,118.5679,2.31,14.92,3.91,2.63,4.75,1.59,5.25,0.8,4.34,3.345,87.03,17873.0,765.1501,510.7061,716.0135,293.1643,556.63,79.0238,105.3123,408.42,81.8756,35.37,41.9218,57.5065,63.5818,186.2826,84.4248,67.02,12.537,34.34,3.463,4.616
2026-09-01,118.6568,2.35,16.34,3.92,2.65,4.79,1.58,5.27,0.81,4.39,3.345,91.48,21306.0,759.8932,499.9831,706.903,289.8131,545.22,78.75,104.7683,396.75,81.5416,35.34,41.9218,56.9983,64.387,183.4259,84.693,66.77,12.6247,35.39,3.463,4.616
2026-09-02,118.5296,2.34,15.2,3.92,2.66,4.79,1.58,5.27,0.81,4.39,3.345,92.15,21306.0,763.2648,501.1124,708.5013,293.2441,550.48,78.76,104.8977,402.78,81.6213,35.54,42.3585,57.4567,64.715,183.4259,84.9712,67.15,12.4466,34.79,3.463,4.616
2026-09-03,118.127,2.35,14.32,3.89,2.65,4.77,1.57,5.25,0.81,4.34,3.345,92.55,21306.0,771.255,501.8719,716.9225,294.421,552.6,78.8595,105.0471,410.22,81.7408,35.34,42.7159,58.3535,64.2379,183.4259,84.7029,67.47,12.2166,34.38,3.463,4.616
2026-09-04,118.0732,2.35,14.53,3.91,2.68,4.78,1.56,5.24,0.81,4.37,3.345,92.69,21306.0,768.2824,519.5203,718.2112,295.2389,567.01,78.8097,105.0272,406.77,81.8802,35.88,42.7159,57.8951,63.6812,187.0617,84.0274,68.7,11.8975,34.96,3.463,4.616
2026-09-05,120.6902,2.35,14.32,3.89,2.65,4.77,1.57,5.25,0.81,4.34,3.345,91.48,21306.0,770.19,519.86,718.96,296.01,567.01,79.16,105.48,406.77,82.21,35.88,43.08,58.1,64.06,187.28,84.58,68.7,11.9863,34.58,3.463,4.616
2026-09-06,120.6902,2.35,14.32,3.89,2.65,4.77,1.57,5.25,0.81,4.34,3.345,91.48,21306.0,770.19,519.86,718.96,296.01,567.01,79.16,105.48,406.77,82.21,35.88,43.08,58.1,64.06,187.28,84.58,68.7,10.3329,34.58,3.463,4.616
2026-09-07,120.6902,2.35,15.3,3.89,2.68,4.77,1.57,5.25,0.81,4.34,3.345,91.48,21306.0,770.19,519.86,718.96,296.01,567.01,79.16,105.48,406.77,82.21,35.88,43.08,58.1,64.06,187.28,84.58,68.7,10.2808,35.86,3.463,4.616
2026-09-08,117.9127,2.37,15.72,3.94,2.67,4.8,1.57,5.25,0.81,4.39,3.345,94.21,21306.0,764.0628,528.0547,717.6118,293.9024,573.73,78.7699,105.0272,399.72,81.8703,35.0,43.1328,57.0979,64.387,187.28,83.471,68.83,8.5104,35.88,3.463,4.616
2026-09-09,117.8834,2.37,16.46,3.95,2.71,4.83,1.55,5.28,0.81,4.43,3.345,97.26,20817.0,760.5117,531.6524,715.5639,289.8829,574.29,78.6305,104.8579,403.35,81.4022,34.55,42.6266,56.8588,64.9238,187.651,82.5074,68.48,8.2472,35.82,3.463,4.616
2026-09-10,118.0787,2.4,17.84,4.0,2.7,4.95,1.51,5.37,0.8,4.56,3.345,103.57,20817.0,755.953,517.0919,707.9519,286.9505,560.28,78.2721,103.912,396.36,80.456,34.35,42.6266,56.6694,64.5461,185.0041,82.5471,67.0,9.1375,35.87,3.463,4.616
2026-09-11,118.2126,2.36,15.84,4.07,2.65,4.96,1.5,5.35,0.8,4.63,3.345,101.27,20817.0,762.397,526.7256,714.1354,288.1374,568.53,78.2522,103.8722,398.77,80.5456,34.49,42.0806,57.0481,64.7548,187.4512,82.8352,67.84,8.6088,34.58,3.463,4.616
2026-09-12,120.6902,2.36,17.84,4.0,2.7,4.95,1.51,5.37,0.8,4.56,3.345,97.26,20817.0,764.29,527.07,714.88,288.89,568.53,78.6,104.32,398.77,80.87,34.49,42.39,57.25,65.14,187.67,83.38,67.84,8.7822,34.58,3.463,4.616
2026-09-13,120.6902,2.36,17.84,4.0,2.7,4.95,1.51,5.37,0.8,4.56,3.345,97.26,20817.0,764.29,527.07,714.88,288.89,568.53,78.6,104.32,398.77,80.87,34.49,42.39,57.25,65.14,187.67,83.38,67.84,8.7784,34.58,3.463,4.616
2026-09-14,118.6923,2.37,17.1,4.11,2.71,4.97,1.47,5.34,0.8,4.65,3.345,102.42,20817.0,758.9954,497.075,708.4413,287.16,541.5,78.1825,103.8522,392.84,80.6054,34.84,42.39,56.8289,64.1484,184.0652,83.8684,65.99,7.6572,35.01,3.463,4.616
2026-09-15,118.8822,2.38,17.2,4.11,2.76,5.0,1.48,5.36,0.8,4.67,3.345,107.02,20817.0,755.5141,498.85,703.8062,285.14,542.11,78.0332,103.8323,394.15,80.3862,34.4,41.0184,56.6495,65.5401,184.0652,83.1829,65.76,7.6693,34.54,3.463,4.616
2026-09-16,118.9206,2.33,17.71,4.14,2.7,5.01,1.43,5.35,0.78,4.74,3.345,103.62,19700.0,752.1823,502.06,703.986,283.92,545.56,78.42,104.45,391.74,80.88,33.92,41.0184,55.7328,63.6514,183.7156,82.7855,65.72,8.1126,34.58,3.463,4.55
2026-09-17,119.3489,2.33,15.44,4.12,2.7,4.94,1.44,5.29,0.78,4.67,3.345,103.21,19700.0,760.7112,519.1,716.1733,285.43,560.61,78.3717,104.7085,398.36,81.452,34.19,41.0184,55.6829,64.0987,187.8408,82.9445,66.91,8.5533,35.41,3.463,4.55
2026-09-18,119.5133,2.33,14.81,4.14,2.68,5.01,1.4,5.34,0.77,4.76,3.345,101.44,19700.0,761.69,533.07,720.6986,284.1,573.0,78.1825,104.2505,401.17,80.9241,34.32,40.8,55.663,63.9297,187.8408,82.9445,67.03,8.2088,36.37,3.463,4.55
2026-09-19,120.6902,2.33,15.44,4.12,2.7,4.94,1.44,5.29,0.78,4.67,3.345,107.02,19700.0,761.69,533.07,721.45,284.1,573.0,78.53,104.7,401.17,81.25,34.32,41.1,55.86,65.14,189.6,82.8,67.03,8.4076,36.37,3.463,4.616
2026-09-20,120.6902,2.33,15.44,4.12,2.7,4.94,1.44,5.29,0.78,4.67,3.345,107.02,19700.0,761.69,533.07,721.45,284.1,573.0,78.53,104.7,401.17,81.25,34.32,41.1,55.86,65.14,189.6,82.8,67.03,7.3064,36.37,3.463,4.616
2026-09-21,119.4014,2.34,14.87,4.17,2.66,4.96,1.42,5.29,0.77,4.76,3.345,96.97,19700.0,773.5,559.34,741.47,285.58,596.03,78.3319,104.6388,398.38,81.4719,34.91,41.1,55.9,62.46,194.85,81.92,68.83,7.248,36.9,3.463,4.616
2026-09-22,119.5933,2.33,14.21,4.16,2.68,4.96,1.42,5.29,0.77,4.71,3.345,96.41,19700.0,773.38,572.78,747.46,287.21,607.46,78.3219,104.6388,400.07,81.4221,35.0,40.53,54.8,61.78,189.6,82.73,69.1,7.2405,37.41,3.463,4.616
2026-09-23,120.1169,2.35,15.18,4.19,2.73,5.11,1.39,5.4,0.77,4.85,3.345,93.38,22158.0,767.81,565.72,741.21,281.92,601.41,77.7544,103.444,392.88,80.1372,34.36,39.75,54.54,62.37,195.34,82.43,67.71,9.0931,37.7,3.463,4.616
2026-09-24,120.5521,2.33,15.67,4.24,2.8,5.18,1.39,5.47,0.79,4.87,3.345,95.88,22158.0,767.18,566.07,741.1,281.66,600.52,77.5454,102.7072,391.69,79.1014,34.24,39.75,54.53,62.6,194.71,81.7,67.25,9.9627,37.77,3.463,4.616
2026-09-25,120.33,2.34,14.87,4.24,2.93,5.17,1.46,5.49,0.81,4.81,3.345,85.23,22158.0,771.35,572.68,744.5,281.97,606.56,77.5155,102.7669,393.41,79.0018,33.96,39.51,54.84,62.04,195.34,82.06,67.98,9.7332,37.77,3.463,4.616
2026-09-26,120.6902,2.34,14.21,4.24,2.8,5.18,1.39,5.47,0.79,4.87,3.345,96.41,22158.0,771.35,572.68,744.5,281.97,606.56,77.86,104.7,393.41,79.32,33.96,39.51,54.84,65.14,196.27,82.06,67.98,9.9441,37.77,3.463,4.616
2026-09-27,120.6902,2.34,14.21,4.24,2.8,5.18,1.39,5.47,0.79,4.87,3.345,96.41,22158.0,771.35,572.68,744.5,281.97,606.56,77.86,104.7,393.41,79.32,33.96,39.51,54.84,65.14,196.27,82.06,67.98,9.9441,37.77,3.463,4.616
2026-09-28,120.6958,2.34,16.07,4.28,3.02,5.24,1.46,5.56,0.83,4.92,3.345,99.37,22158.0,765.61,560.79,736.53,280.02,600.01,77.1965,102.0298,377.91,78.3046,34.17,39.51,54.19,62.1,194.53,82.28,67.2,10.6672,37.77,3.463,4.616
2026-09-29,121.0296,2.35,16.04,4.25,3.08,5.26,1.46,5.59,0.84,4.89,3.345,96.16,22560.0,764.2,567.44,737.93,279.01,606.9,77.0173,101.97,382.89,77.9162,33.86,39.51,54.01,61.54,194.5,81.85,67.4,10.6374,37.3,3.463,4.616
2026-09-30,120.9693,2.36,16.34,4.2,3.12,5.29,1.47,5.64,0.84,4.88,3.383,97.18,22560.0,762.63,568.64,739.77,277.89,609.0,76.868,101.741,380.84,77.468,34.02,39.51,53.4,61.5,195.75,80.6,66.79,10.1374,37.53,3.463,4.616
2026-10-01,121.7882,2.36,16.39,4.17,3.24,5.24,1.49,5.61,0.86,4.78,3.383,99.77,22560.0,763.99,576.33,742.03,279.02,617.81,76.9,102.03,382.76,77.71,33.92,39.51,53.46,62.7,197.81,80.33,66.81,10.2404,37.82,3.463,4.616
2026-10-02,121.3848,2.36,15.31,4.19,3.1,5.28,1.47,5.63,0.85,4.83,3.383,97.89,22560.0,769.64,588.9,749.58,281.52,630.6,76.91,101.83,380.14,77.48,33.19,39.51,53.49,62.82,199.81,80.53,67.67,10.0136,37.95,3.463,4.616
2026-10-03,120.6902,2.36,16.39,4.17,3.24,5.24,1.49,5.61,0.86,4.78,3.345,96.16,22158.0,769.64,588.9,749.58,281.52,630.6,76.91,101.83,380.14,77.48,33.19,39.83,53.49,62.82,199.81,80.53,67.67,10.0136,37.77,3.463,4.416
2026-10-04,120.6902,2.36,16.39,4.17,3.24,5.24,1.49,5.61,0.86,4.78,3.345,96.16,22158.0,769.64,588.9,749.58,281.52,630.6,76.91,101.83,380.14,77.48,33.19,39.83,53.49,62.82,199.81,80.53,67.67,10.031,37.77,3.463,4.416
2026-10-05,120.6902,2.36,15.52,4.22,3.12,5.31,1.46,5.66,0.84,4.84,3.345,96.13,22158.0,774.83,589.51,756.2,283.38,633.9,76.98,101.83,379.55,77.11,33.85,39.83,53.88,63.45,200.93,81.04,68.73,10.0782,38.81,3.463,4.416
2026-10-06,120.6902,2.36,15.01,4.21,3.03,5.27,1.46,5.64,0.83,4.79,3.345,96.24,22158.0,779.09,589.45,759.66,281.34,632.5,77.27,102.14,382.27,77.28,33.77,39.83,54.01,63.75,202.0,81.8,68.27,9.7445,38.77,3.463,4.416
2026-10-07,120.6902,2.36,15.08,4.21,3.09,5.27,1.46,5.64,0.82,4.79,3.345,96.24,22158.0,777.22,582.82,757.73,277.7,625.03,77.18,102.1,375.88,77.145,33.42,39.83,53.75,63.36,201.39,81.7,67.37,9.1068,38.5,3.463,4.416
2026-10-08,120.6902,2.36,15.08,4.21,3.09,5.27,1.46,5.64,0.82,4.79,3.345,96.24,22158.0,777.22,582.82,757.73,277.7,625.03,77.18,102.1,375.88,77.145,33.42,39.83,53.75,63.36,201.39,81.7,67.37,9.0399,38.23,3.463,4.416
2026-10-09,120.6902,2.36,15.08,4.21,3.09,5.27,1.46,5.64,0.82,4.79,3.345,96.24,22158.0,777.22,582.82,757.73,277.7,625.03,77.18,102.1,375.88,77.145,33.42,39.83,53.75,63.36,201.39,81.7,67.37,8.7708,38.23,3.463,4.416
