factor,label,latest,rows,change_1d_pct,change_5d_pct,change_20d_pct,change_60d_pct,change_120d_pct,strength_5d_pctile,strength_20d_pctile,strength_60d_pctile,strength_120d_pctile,strength_stars_20d,percentile_180d,zscore_180d,min_180d,max_180d,z_event_count_180d,z_rank_abs_180d,last_z_event_date,event_active,event_start_date,event_duration_days,event_state,previous_event_dates,trend_phase,latest_date,market_session,region,data_lag_hours,data_type,freshness_state
DXY_PROXY,美元,120.6902,180,0.0,0.0,0.0,1.2680086256807055,0.9898140113616449,2.2857142857142856,8.75,52.5,63.33333333333333,1,87.22222222222223,0.9952853031821927,117.8834,121.7882,21,26.70807453416149,2026-10-01,False,,0,無異常,2026-06-25、2026-06-26、2026-06-27、2026-07-01、2026-10-01,輪動交錯,,,,,,UNKNOWN
BREAKEVEN_10Y,BREAKEVEN_10Y,2.36,180,0.0,0.0,1.2875536480686511,3.9647577092510877,2.1645021645021467,11.428571428571429,34.375,26.666666666666668,30.0,1,71.11111111111111,0.36023801976868575,2.18,2.5,15,23.60248447204969,2026-06-28,False,,0,無異常,2026-06-24、2026-06-25、2026-06-26、2026-06-27、2026-06-28,輪動交錯,,,,,,UNKNOWN
VIX,VIX,15.08,180,0.0,-2.8350515463917536,-2.3316062176165775,-1.308900523560208,-14.70588235294118,25.71428571428571,19.375,9.166666666666666,63.33333333333333,1,15.555555555555555,-1.0350174075590939,14.21,22.22,10,53.41614906832298,2026-08-14,False,,0,無異常,2026-06-06、2026-06-07、2026-06-10、2026-07-29、2026-08-14,多週期下降,,,,,,UNKNOWN
US_3M_YIELD,美國3月債殖利率,4.21,180,0.0,-0.23696682464454666,2.1844660194174637,8.22622107969151,11.375661375661373,14.285714285714285,68.75,94.16666666666667,70.0,3,96.11111111111111,2.149706919282451,3.65,4.28,58,66.45962732919256,2026-10-10,True,2026-09-10,31,持平,2026-10-05、2026-10-06、2026-10-07、2026-10-08、2026-10-09,短線轉弱,,,,,,UNKNOWN
HY_OAS,高收益債利差,3.09,180,0.0,-0.9615384615384692,14.444444444444438,13.602941176470583,14.022140221402202,37.714285714285715,96.25,94.16666666666667,93.33333333333333,5,96.66666666666667,2.7196616171084864,2.6,3.24,27,91.92546583850931,2026-10-10,True,2026-09-28,13,消退中,2026-10-05、2026-10-06、2026-10-07、2026-10-08、2026-10-09,短線轉弱,,,,,,UNKNOWN
US_10Y_YIELD,美國10年債殖利率,5.27,180,0.0,-0.7532956685499026,6.680161943319818,12.127659574468064,17.63392857142856,37.142857142857146,92.5,92.5,91.66666666666666,4,98.33333333333333,2.412097355720413,4.26,5.31,44,82.6086956521739,2026-10-10,True,2026-09-09,32,持平,2026-10-05、2026-10-06、2026-10-07、2026-10-08、2026-10-09,短線轉弱,,,,,,UNKNOWN
BAA_10Y_SPREAD,BAA信用利差,1.46,180,0.0,0.0,1.388888888888884,-10.97560975609756,-4.575163398692816,12.571428571428573,21.875,89.16666666666667,40.0,1,11.11111111111111,-1.4765221893051805,1.39,1.72,25,63.975155279503106,2026-09-27,False,,0,無異常,2026-09-22、2026-09-23、2026-09-24、2026-09-26、2026-09-27,輪動交錯,,,,,,UNKNOWN
US_30Y_YIELD,美國30年債殖利率,5.64,180,0.0,-0.35335689045937757,6.6162570888468775,7.6335877862595325,13.480885311871216,13.142857142857142,100.0,90.83333333333333,98.33333333333333,5,99.44444444444444,2.503458018418871,4.86,5.66,48,88.81987577639751,2026-10-10,True,2026-09-23,18,消退中,2026-10-05、2026-10-06、2026-10-07、2026-10-08、2026-10-09,短線轉弱,,,,,,UNKNOWN
IG_OAS,投資級債利差,0.82,180,0.0,-2.3809523809523836,5.12820512820511,3.797468354430378,10.81081081081081,64.0,78.75,23.333333333333332,85.0,3,95.0,1.2626310339966125,0.73,0.86,17,63.975155279503106,2026-10-04,False,,0,無異常,2026-09-30、2026-10-01、2026-10-02、2026-10-03、2026-10-04,短線轉弱,,,,,,UNKNOWN
US_2Y_YIELD,美國2年債殖利率,4.79,180,0.0,-1.0330578512396604,2.569593147751603,13.507109004739348,17.114914425427873,34.85714285714286,51.24999999999999,90.83333333333333,81.66666666666667,2,94.44444444444444,1.9537659798649214,3.71,4.92,38,75.77639751552795,2026-10-08,False,,0,無異常,2026-10-04、2026-10-05、2026-10-06、2026-10-07、2026-10-08,短線轉弱,,,,,,UNKNOWN
TREASURY_AVG_NOTE_RATE,TREASURY_AVG_NOTE_RATE,3.345,180,0.0,0.0,0.0,1.8885166006701315,2.9864532019704404,84.0,49.375,97.5,48.333333333333336,2,98.33333333333333,1.5001139237875107,3.212,3.383,42,47.82608695652174,2026-10-02,False,,0,無異常,2026-09-18、2026-09-19、2026-09-30、2026-10-01、2026-10-02,輪動交錯,,,,,,UNKNOWN
WTI_OIL,WTI原油,96.24,180,0.0,0.1144283782378075,-10.072883573163892,13.530730211159604,8.59851049424507,8.571428571428571,53.125,30.833333333333336,68.33333333333333,2,67.77777777777779,0.558511091456121,69.6,112.25,16,39.75155279503105,2026-07-02,False,,0,無異常,2026-06-28、2026-06-29、2026-06-30、2026-07-01、2026-07-02,短線反彈,,,,,,UNKNOWN
CFTC_SP500_ASSET_MGR_NET,CFTC S&P500資產管理人淨部位,22158.0,180,0.0,0.0,12.477157360406089,23.974710457114078,-19.492787850161687,29.142857142857142,39.375,41.66666666666667,8.333333333333332,2,47.22222222222222,-0.479347227405774,15239.0,44010.0,4,7.453416149068323,2026-07-29,False,,0,無異常,2026-07-21、2026-07-22、2026-07-28、2026-07-29,輪動交錯,,,,,,UNKNOWN
SPY,美股大盤,777.22,145,-0.24002361729710264,1.9131164522769861,2.813270137164614,5.442980719842838,5.821964436456706,80.71428571428572,68.0,88.23529411764706,20.0,3,99.4413407821229,1.4922214896574193,690.9603,779.09,14,76.875,2026-08-16,False,,0,無異常,2026-08-10、2026-08-13、2026-08-14、2026-08-15、2026-08-16,多週期上升,2026-10-09,US_CLOSE,US,47.4,PRICE_PROXY,STALE
SOXX,美國半導體,582.82,145,-1.1247773348036283,2.4936691052335425,12.711106091586434,10.662228430672439,13.079324907776968,30.714285714285715,68.8,56.470588235294116,20.0,3,83.79888268156425,0.9038202883342724,400.7875,654.582,5,61.875,2026-06-03,False,,0,無異常,2026-05-06、2026-05-08、2026-05-09、2026-06-02、2026-06-03,多週期上升,2026-10-09,US_CLOSE,US,47.4,PRICE_PROXY,STALE
QQQ,Nasdaq 100,757.73,146,-0.25406102730167746,2.4277816077970193,6.104528637006368,10.742001958405801,6.2468933093187795,65.24822695035462,80.15873015873017,91.86046511627907,15.384615384615385,4,99.4413407821229,1.7769674563586906,627.2531,759.66,5,93.125,2026-05-10,False,,0,無異常,2026-05-06、2026-05-07、2026-05-08、2026-05-09、2026-05-10,多週期上升,2026-10-09,US_CLOSE,US,47.4,PRICE_PROXY,STALE
IWM,美國小型股,277.7,145,-1.2938082035970688,-0.0683723775594669,-3.2237267403262937,-4.3770649578270815,-1.2324778342135412,4.285714285714286,61.6,54.11764705882353,28.000000000000004,3,14.52513966480447,-1.2391635838108275,267.3841,305.09,7,59.375,2026-06-27,False,,0,無異常,2026-05-27、2026-05-28、2026-06-22、2026-06-26、2026-06-27,多週期下降,2026-10-09,US_CLOSE,US,47.4,PRICE_PROXY,STALE
SMH,美國半導體ETF,625.03,124,-1.1810276679841913,2.632183908045982,8.835257448327493,5.7992111989437545,34.65830748017924,27.73109243697479,63.46153846153846,43.75,,3,90.5027932960894,1.154051794620224,452.0,668.91,3,70.0,2026-05-09,False,,0,無異常,2026-05-06、2026-05-08、2026-05-09,多週期上升,2026-10-09,US_CLOSE,US,47.4,PRICE_PROXY,STALE
HYG,高收益債ETF,77.18,145,-0.11647469910701647,0.40589061768228074,-1.8066157760814106,-1.1901225969663032,-0.9737114585912754,51.42857142857142,89.60000000000001,69.41176470588235,68.0,4,5.58659217877095,-1.951980202933252,76.868,79.74,11,90.0,2026-10-07,False,,0,無異常,2026-10-02、2026-10-03、2026-10-04、2026-10-05、2026-10-07,短線反彈,2026-10-09,US_CLOSE,US,47.4,PRICE_PROXY,STALE
LQD,投資級債ETF,102.1,143,-0.03916193459957418,0.1274884770030349,-1.7437832011702348,-2.649256043898418,-5.8177162318231,12.318840579710146,77.23577235772358,79.51807228915662,100.0,3,6.145251396648044,-2.3465151162289373,101.741,109.117,28,89.375,2026-10-09,False,,0,無異常,2026-10-05、2026-10-06、2026-10-07、2026-10-08、2026-10-09,短線反彈,2026-10-09,US_CLOSE,US,47.4,PRICE_PROXY,STALE
GLD,黃金,375.88,124,-1.6715933764093416,-1.302384203339979,-6.810462377587712,0.9480327648717424,-15.708743524768465,29.411764705882355,63.46153846153846,9.375,,3,17.877094972067038,-1.1000579978444103,364.96,445.93,12,48.75,2026-06-29,False,,0,無異常,2026-06-13、2026-06-23、2026-06-24、2026-06-25、2026-06-29,輪動交錯,2026-10-09,US_CLOSE,GLOBAL,47.4,PRICE_PROXY,STALE
TLT,長天期美債,77.145,147,-0.17468944099379158,-0.4169463520421468,-4.606158031408447,-6.7876069625652296,-7.369384167603243,21.12676056338028,95.2755905511811,97.70114942528735,85.18518518518519,5,2.7777777777777777,-2.573389829930407,77.11,87.0385,35,90.6832298136646,2026-10-10,True,2026-09-23,18,消退中,2026-10-05、2026-10-06、2026-10-07、2026-10-08、2026-10-09,多週期下降,2026-10-10,US_CLOSE,US,,PRICE_PROXY,UNKNOWN
FXI,中國大型股ADR代理,33.42,123,-1.0364228605270975,-1.763668430335097,-3.270622286541236,-2.5087514585764303,-9.559569717881056,47.45762711864407,39.80582524271845,52.38095238095239,,2,14.52513966480447,-1.0731991096682831,31.59,37.9749,22,64.375,2026-07-01,False,,0,無異常,2026-06-27、2026-06-28、2026-06-29、2026-06-30、2026-07-01,多週期下降,2026-10-09,US_CLOSE,CHINA_PROXY,47.4,PRICE_PROXY,STALE
XLU_UTILITIES,公用事業,39.83,125,-0.350262697022774,0.3021908839083265,-6.560692149972091,-12.242240499886526,-13.161778973508131,9.166666666666666,91.42857142857143,92.3076923076923,,4,8.938547486033519,-2.1469079574503627,39.25,46.29,37,81.875,2026-10-09,False,,0,無異常,2026-10-05、2026-10-06、2026-10-07、2026-10-08、2026-10-09,短線反彈,2026-10-09,US_CLOSE,US,47.4,PRICE_PROXY,STALE
XLF_FINANCIALS,金融,53.75,146,-0.48139233475281706,0.655430711610494,-5.781261777342273,-4.54626176522821,6.155644912823988,39.00709219858156,92.06349206349206,31.3953488372093,42.30769230769231,4,47.486033519553075,-0.2647696140784818,50.5141,58.3535,34,11.25,2026-08-05,False,,0,無異常,2026-07-16、2026-07-17、2026-07-28、2026-08-04、2026-08-05,短線反彈,2026-10-09,US_CLOSE,US,47.4,PRICE_PROXY,STALE
XLE_ENERGY,能源,63.36,121,-0.6117647058823561,3.0243902439024417,-1.0927255697783411,15.032679738562106,14.734386996769476,54.310344827586206,12.871287128712872,77.04918032786885,,1,83.24022346368714,1.2405048603375555,52.4977,65.5401,32,46.25,2026-09-16,False,,0,無異常,2026-09-12、2026-09-13、2026-09-14、2026-09-15、2026-09-16,短線反彈,2026-10-09,US_CLOSE,US,47.4,PRICE_PROXY,STALE
XLK_TECH,科技,201.39,92,-0.30198019801981335,3.4307431564891244,11.982811397458072,9.234043661073432,,49.42528735632184,88.88888888888889,59.375,,4,99.44444444444444,1.7247187400264785,147.5922,202.0,6,87.5776397515528,2026-06-01,False,,0,無異常,2026-05-10、2026-05-11、2026-05-14、2026-05-29、2026-06-01,多週期上升,,US_CLOSE,US,,PRICE_PROXY,UNKNOWN
XLP_STAPLES,必需消費,81.7,144,-0.12224938875304847,1.3647642679900818,-1.0262020107308367,-1.1689164750327552,-0.664828297271125,56.11510791366906,39.516129032258064,34.523809523809526,12.5,2,12.849162011173185,-1.1881946217228372,79.9679,86.8786,8,61.875,2026-10-04,False,,0,無異常,2026-09-30、2026-10-01、2026-10-02、2026-10-03、2026-10-04,短線反彈,2026-10-09,US_CLOSE,US,47.4,PRICE_PROXY,STALE
EEM,新興市場,67.37,123,-1.3182950051266906,0.8683934720766562,-1.620911214953269,2.745157846576185,8.43899039227649,24.576271186440678,30.097087378640776,63.49206349206349,,1,70.94972067039106,0.5465525568167061,61.07,71.21,13,41.25,2026-07-29,False,,0,無異常,2026-06-18、2026-06-19、2026-06-20、2026-06-22、2026-07-29,短線反彈,2026-10-09,US_CLOSE,GLOBAL,47.4,PRICE_PROXY,STALE
MOVE_PROXY,債市波動代理,8.7708,170,0.0,-15.191599222579999,14.419150740330045,-29.920498581758626,-25.4544990948265,89.0909090909091,60.66666666666667,87.27272727272727,57.99999999999999,3,7.647058823529412,-1.910368337639008,7.6026,15.893,20,85.43046357615894,2026-09-22,False,,0,無異常,2026-09-18、2026-09-19、2026-09-20、2026-09-21、2026-09-22,短線轉弱,,,,,,UNKNOWN
TW_SEMICONDUCTOR,台灣半導體,38.23,97,-0.7012987012987137,1.0840824960338447,11.263096623981372,10.480473017102355,,9.782608695652174,62.33766233766234,45.94594594594595,,3,98.88888888888889,1.4412829172283614,24.6983,38.77,3,77.01863354037268,2026-06-06,False,,0,無異常,2026-05-09、2026-05-10、2026-06-06,多週期上升,,ASIA_CLOSE,TAIWAN,,LOCAL_PRICE,UNKNOWN
CN_CHINEXT,中國創業板代理,3.463,14,-10.331434489901604,-12.92431481015841,,,,,,,,0,49.44444444444444,-0.8782198977276244,3.437,4.395,14,21.73913043478261,2026-07-19,False,,0,無異常,2026-07-01、2026-07-02、2026-07-03、2026-07-18、2026-07-19,資料不足,,ASIA_CLOSE,CHINA,,LOCAL_PRICE,UNKNOWN
CN_CSI300,中國滬深300代理,4.416,25,-4.332755632582308,-8.019162674442814,-9.619320507572649,,,95.0,,,,0,4.444444444444445,-2.5919551799278335,4.416,5.017,30,94.40993788819875,2026-10-10,True,2026-10-03,8,消退中,2026-10-05、2026-10-06、2026-10-07、2026-10-08、2026-10-09,資料不足,,ASIA_CLOSE,CHINA,,LOCAL_PRICE,UNKNOWN
