date,risk_score,decision_confidence_pct,data_completeness_pct,signal_consistency_pct,mode,credit_score,volatility_score,dollar_rates_score,risk_asset_score,defensive_score
2026-04-12,9.3,87.5,100.0,64.3,452,0.0,1.7,0.0,0.0,7.6
2026-04-13,7.8,87.5,100.0,64.3,452,0.0,0.6,0.0,0.0,7.2
2026-04-14,6.8,87.5,100.0,64.3,452,0.0,0.6,0.0,0.0,6.2
2026-04-15,9.5,87.5,100.0,64.3,452,0.0,0.6,0.0,0.0,8.9
2026-04-16,6.4,87.5,100.0,64.3,452,0.0,0.6,0.0,0.0,5.8
2026-04-17,7.6,87.5,100.0,64.3,452,0.0,0.6,0.0,0.0,7.0
2026-04-18,8.9,87.5,100.0,64.3,452,0.0,1.2,0.0,0.0,7.7
2026-04-19,9.0,87.5,100.0,64.3,452,0.0,1.7,0.0,0.0,7.3
2026-04-20,6.8,87.5,100.0,64.3,452,0.0,4.0,0.0,0.0,2.8
2026-04-21,7.8,85.0,100.0,57.1,452,0.0,7.5,0.0,0.0,0.3
2026-04-22,5.7,85.0,100.0,57.1,452,0.0,4.6,0.0,0.0,1.1
2026-04-23,7.8,85.0,100.0,57.1,452,0.0,7.5,0.0,0.0,0.3
2026-04-24,4.7,85.0,100.0,57.1,452,0.0,4.0,0.0,0.0,0.7
2026-04-25,5.3,85.0,100.0,57.1,452,0.0,4.6,0.0,0.0,0.7
2026-04-26,6.9,87.5,100.0,64.3,452,0.0,5.2,0.0,0.0,1.7
2026-04-27,2.2,82.5,100.0,50.0,452,0.0,1.7,0.5,0.0,0.0
2026-04-28,4.0,82.5,100.0,50.0,452,0.0,2.4,1.6,0.0,0.0
2026-04-29,10.3,85.0,100.0,57.1,452,0.0,6.9,3.4,0.0,0.0
2026-04-30,2.4,82.5,100.0,50.0,452,0.0,0.3,2.1,0.0,0.0
2026-05-01,3.1,82.5,100.0,50.0,452,0.0,1.2,1.9,0.0,0.0
2026-05-02,3.6,82.5,100.0,50.0,452,0.0,1.7,1.9,0.0,0.0
2026-05-03,4.6,85.0,100.0,57.1,452,0.0,2.3,2.1,0.0,0.2
2026-05-04,9.3,85.0,100.0,57.1,452,0.0,4.0,5.3,0.0,0.0
2026-05-05,6.6,85.0,100.0,57.1,452,0.0,2.9,3.7,0.0,0.0
2026-05-06,3.0,85.0,100.0,57.1,452,0.0,2.0,0.9,0.0,0.1
2026-05-07,6.4,82.5,100.0,50.0,452,0.0,2.9,3.5,0.0,0.0
2026-05-08,4.8,82.5,100.0,50.0,452,0.0,2.0,2.8,0.0,0.0
2026-05-09,5.7,82.5,100.0,50.0,452,0.0,2.9,2.8,0.0,0.0
2026-05-10,5.5,85.0,100.0,57.1,452,0.0,2.7,2.8,0.0,0.0
2026-05-11,10.4,85.0,100.0,57.1,452,0.0,6.7,2.8,0.0,0.9
2026-05-12,10.2,82.5,100.0,50.0,452,0.0,6.5,3.7,0.0,0.0
2026-05-13,7.8,82.5,100.0,50.0,452,0.0,5.0,2.8,0.0,0.0
2026-05-14,6.7,82.5,100.0,50.0,452,0.0,3.0,3.7,0.0,0.0
2026-05-15,16.0,85.0,100.0,57.1,452,0.0,8.6,7.4,0.0,0.0
2026-05-16,17.5,85.0,100.0,57.1,452,0.0,10.1,7.4,0.0,0.0
2026-05-17,15.7,85.0,100.0,57.1,452,0.0,8.9,6.8,0.0,0.0
2026-05-18,12.3,85.0,100.0,57.1,452,0.0,6.1,6.2,0.0,0.0
2026-05-19,15.5,87.5,100.0,64.3,452,2.1,7.2,6.2,0.0,0.0
2026-05-20,8.7,85.0,100.0,57.1,452,0.0,4.0,4.7,0.0,0.0
2026-05-21,6.5,87.5,100.0,64.3,452,0.5,0.3,5.7,0.0,0.0
2026-05-22,5.7,85.0,100.0,57.1,452,0.0,0.3,5.4,0.0,0.0
2026-05-23,6.1,85.0,100.0,57.1,452,0.0,0.7,5.4,0.0,0.0
2026-05-24,4.6,87.5,100.0,64.3,452,0.0,1.0,3.2,0.0,0.4
2026-05-25,4.4,85.0,100.0,57.1,452,0.0,0.3,4.1,0.0,0.0
2026-05-26,8.3,85.0,100.0,57.1,452,0.0,3.3,5.0,0.0,0.0
2026-05-27,3.9,85.0,100.0,57.1,452,0.0,0.3,3.6,0.0,0.0
2026-05-28,3.6,85.0,100.0,57.1,452,0.0,0.3,3.3,0.0,0.0
2026-05-29,3.3,85.0,100.0,57.1,452,0.0,0.3,3.0,0.0,0.0
2026-05-30,3.6,85.0,100.0,57.1,452,0.0,0.6,3.0,0.0,0.0
2026-05-31,3.7,87.5,100.0,64.3,452,0.0,0.8,2.1,0.0,0.8
2026-06-01,3.1,87.5,100.0,64.3,452,0.0,1.4,1.3,0.0,0.4
2026-06-02,3.4,87.5,100.0,64.3,452,0.0,1.4,0.9,0.0,1.1
2026-06-03,4.3,87.5,100.0,64.3,452,0.0,1.9,1.7,0.0,0.7
2026-06-04,3.3,87.5,100.0,64.3,452,0.0,1.1,0.1,0.0,2.1
2026-06-05,17.9,90.0,100.0,71.4,452,0.0,15.0,1.3,0.9,0.7
2026-06-06,18.6,90.0,100.0,71.4,452,0.0,15.0,1.3,0.6,1.7
2026-06-07,18.9,90.0,100.0,71.4,452,0.0,14.8,1.7,0.0,2.4
2026-06-08,16.1,87.5,100.0,64.3,452,0.0,13.2,1.0,0.0,1.9
2026-06-09,18.2,90.0,100.0,71.4,452,0.0,14.3,1.3,1.1,1.5
2026-06-10,22.1,92.5,100.0,78.6,452,1.1,15.0,0.9,4.2,0.9
2026-06-11,21.5,95.0,100.0,85.7,452,4.2,13.5,1.4,0.9,1.5
2026-06-12,8.7,87.5,100.0,64.3,452,0.0,7.3,0.4,0.6,0.4
2026-06-13,9.7,87.5,100.0,64.3,452,0.0,7.6,0.4,0.4,1.3
2026-06-14,9.6,87.5,100.0,64.3,452,0.0,7.5,0.4,0.4,1.3
2026-06-15,2.7,87.5,100.0,64.3,452,0.0,1.9,0.2,0.0,0.6
2026-06-16,5.8,90.0,100.0,71.4,452,2.0,2.5,0.1,0.0,1.2
2026-06-17,18.3,92.5,100.0,78.6,452,2.1,10.9,1.5,2.9,0.9
2026-06-18,9.3,90.0,100.0,71.4,452,2.1,2.4,2.8,0.8,1.2
2026-06-19,10.1,90.0,100.0,71.4,452,2.1,3.9,2.8,1.0,0.3
2026-06-20,8.9,87.5,100.0,64.3,452,0.0,4.1,2.8,0.8,1.2
2026-06-21,11.6,92.5,100.0,78.6,452,2.1,4.2,2.1,1.0,2.2
2026-06-22,12.6,90.0,100.0,71.4,452,0.0,6.3,3.7,2.2,0.4
2026-06-23,24.4,92.5,100.0,78.6,452,0.0,13.8,3.0,6.8,0.8
2026-06-24,25.3,97.5,100.0,92.9,452,3.1,11.4,3.4,5.6,1.8
2026-06-25,21.4,92.5,100.0,78.6,452,5.1,12.4,1.6,0.1,2.2
2026-06-26,23.6,92.5,100.0,78.6,452,9.9,10.3,1.3,0.9,1.2
2026-06-27,24.4,92.5,100.0,78.6,452,9.9,10.3,1.3,0.7,2.2
2026-06-28,25.1,95.0,100.0,85.7,452,8.4,10.1,1.4,1.6,3.6
2026-06-29,13.7,92.5,100.0,78.6,452,3.1,6.7,1.7,0.0,2.2
2026-06-30,7.6,90.0,100.0,71.4,452,2.0,2.4,1.7,0.0,1.5
2026-07-01,7.0,87.5,100.0,64.3,452,2.0,2.6,2.4,0.0,0.0
2026-07-02,12.9,97.5,100.0,92.9,452,4.2,1.5,2.2,4.9,0.1
2026-07-03,12.1,95.0,100.0,85.7,452,3.7,1.2,2.2,5.0,0.0
2026-07-04,12.2,97.5,100.0,92.9,452,3.7,1.3,2.2,4.9,0.1
2026-07-05,25.8,97.5,100.0,92.9,452,8.6,1.6,2.8,11.7,1.1
2026-07-06,7.2,92.5,100.0,78.6,452,0.6,0.8,3.8,2.0,0.0
2026-07-07,20.0,95.0,100.0,85.7,452,6.3,2.2,3.7,7.8,0.0
2026-07-08,27.7,95.0,100.0,85.7,452,6.3,5.0,3.5,12.9,0.0
2026-07-09,19.5,95.0,100.0,85.7,452,6.3,1.8,2.4,9.0,0.0
2026-07-10,19.3,95.0,100.0,85.7,452,7.8,0.2,2.4,8.9,0.0
2026-07-11,19.5,95.0,100.0,85.7,452,6.3,2.1,2.3,8.8,0.0
2026-07-12,20.3,95.0,100.0,85.7,452,6.9,2.3,0.9,10.2,0.0
2026-07-13,23.8,90.0,100.0,71.4,452,8.1,6.2,2.7,6.8,0.0
2026-07-14,21.5,90.0,100.0,71.4,452,8.0,3.7,3.9,4.5,1.4
2026-07-15,19.9,90.0,100.0,71.4,452,5.9,1.1,3.4,8.9,0.6
2026-07-16,19.0,90.0,100.0,71.4,452,1.9,4.7,4.3,8.1,0.0
2026-07-17,30.7,90.0,100.0,71.4,514,3.9,12.3,3.9,10.6,0.0
2026-07-18,14.2,92.5,100.0,78.6,452,1.9,4.9,4.3,2.4,0.7
2026-07-19,22.1,92.5,100.0,78.6,452,3.9,4.8,4.3,7.3,1.8
2026-07-20,38.7,90.0,100.0,71.4,514,3.9,11.8,3.6,19.4,0.0
2026-07-21,22.6,92.5,100.0,78.6,452,3.9,6.4,3.3,8.1,0.9
2026-07-22,16.6,92.5,100.0,78.6,452,6.0,4.1,4.0,2.3,0.2
2026-07-23,31.5,95.0,100.0,85.7,514,9.6,11.4,5.3,5.2,0.0
2026-07-24,38.4,95.0,100.0,85.7,514,12.7,11.5,4.5,9.7,0.0
2026-07-25,35.8,92.5,100.0,78.6,514,9.6,11.9,4.9,9.4,0.0
2026-07-26,40.4,92.5,100.0,78.6,514,10.8,11.7,5.1,12.8,0.0
2026-07-27,40.6,92.5,100.0,78.6,514,17.7,11.6,2.2,9.1,0.0
2026-07-28,42.7,92.5,100.0,78.6,514,17.6,9.4,1.1,14.6,0.0
2026-07-29,61.7,95.0,100.0,85.7,433,19.3,14.5,2.9,25.0,0.0
2026-07-30,39.7,95.0,100.0,85.7,514,14.2,6.3,2.6,16.6,0.0
2026-07-31,36.9,92.5,100.0,78.6,514,14.3,2.2,4.6,15.8,0.0
2026-08-01,40.9,92.5,100.0,78.6,514,15.7,6.6,3.1,15.5,0.0
2026-08-02,30.7,95.0,100.0,85.7,514,12.2,6.6,1.3,9.6,1.0
2026-08-03,18.7,90.0,100.0,71.4,452,3.3,2.1,2.6,10.7,0.0
2026-08-04,8.9,90.0,100.0,71.4,452,1.1,3.7,1.8,1.9,0.4
2026-08-05,10.6,87.5,100.0,64.3,452,2.2,1.7,1.3,0.0,5.4
2026-08-06,8.0,85.0,100.0,57.1,452,0.0,0.3,3.1,0.0,4.6
2026-08-07,11.8,87.5,100.0,64.3,452,0.0,0.1,1.8,5.3,4.6
2026-08-08,12.9,87.5,100.0,64.3,452,0.0,0.5,2.6,5.2,4.6
2026-08-09,10.6,90.0,100.0,71.4,452,1.1,0.6,2.2,0.0,6.7
2026-08-10,13.0,90.0,100.0,71.4,452,0.6,1.2,1.9,3.4,5.9
2026-08-11,13.2,92.5,100.0,78.6,452,4.2,0.7,0.6,3.1,4.6
2026-08-12,8.0,87.5,100.0,64.3,452,0.0,0.1,0.0,0.7,7.2
2026-08-13,6.0,85.0,100.0,57.1,452,0.0,0.2,0.0,0.0,5.8
2026-08-14,8.4,87.5,100.0,64.3,452,1.9,0.1,0.0,0.0,6.4
2026-08-15,6.9,85.0,100.0,57.1,452,0.0,0.5,0.0,0.0,6.4
2026-08-16,6.3,85.0,100.0,57.1,452,0.0,0.6,0.0,0.0,5.7
2026-08-17,11.5,85.0,100.0,57.1,452,0.0,1.3,2.4,0.0,7.8
2026-08-18,12.1,87.5,100.0,64.3,452,1.9,3.4,0.9,0.0,5.9
2026-08-19,10.9,90.0,100.0,71.4,452,1.9,0.7,0.0,0.0,8.3
2026-08-20,19.3,90.0,100.0,71.4,452,5.7,3.8,0.0,0.0,9.8
2026-08-21,15.4,87.5,100.0,64.3,452,1.9,1.0,1.3,0.0,11.2
2026-08-22,19.0,87.5,100.0,64.3,452,3.7,3.9,0.2,0.0,11.2
2026-08-23,24.6,92.5,100.0,78.6,452,7.7,3.9,1.7,0.0,11.3
2026-08-24,30.1,92.5,100.0,78.6,514,5.8,3.5,1.5,8.1,11.2
2026-08-25,20.4,95.0,100.0,85.7,452,5.8,2.1,0.2,3.6,8.7
2026-08-26,16.1,95.0,100.0,85.7,452,3.8,1.5,0.0,3.2,7.6
2026-08-27,10.8,95.0,100.0,85.7,452,1.9,0.2,0.4,3.1,5.2
2026-08-28,11.7,92.5,100.0,78.6,452,1.9,0.2,0.9,6.6,2.1
2026-08-29,10.7,95.0,100.0,85.7,452,1.9,0.4,0.0,6.2,2.2
2026-08-30,11.4,97.5,100.0,92.9,452,1.9,0.5,2.6,3.7,2.7
2026-08-31,10.1,95.0,100.0,85.7,452,1.9,1.3,1.1,4.0,1.8
2026-09-01,21.3,92.5,100.0,78.6,452,3.8,5.3,2.4,9.7,0.1
2026-09-02,21.1,92.5,100.0,78.6,452,3.8,2.0,3.5,11.0,0.8
2026-09-03,14.9,95.0,100.0,85.7,452,1.9,0.2,1.9,8.8,2.1
2026-09-04,15.5,92.5,100.0,78.6,452,3.8,0.7,3.2,6.7,1.1
2026-09-05,14.7,95.0,100.0,85.7,452,3.8,0.3,3.0,6.4,1.2
2026-09-06,13.0,95.0,100.0,85.7,452,0.0,0.4,4.2,6.7,1.7
2026-09-07,11.2,92.5,100.0,78.6,452,0.0,2.6,4.1,1.7,2.8
2026-09-08,7.0,82.5,100.0,50.0,452,0.0,3.5,3.2,0.3,0.0
2026-09-09,9.2,82.5,100.0,50.0,452,0.0,6.2,3.0,0.0,0.0
2026-09-10,16.9,90.0,100.0,71.4,452,0.0,10.6,4.5,1.8,0.0
2026-09-11,10.6,82.5,100.0,50.0,452,0.0,4.5,5.8,0.3,0.0
2026-09-12,16.2,82.5,100.0,50.0,452,0.0,10.6,5.5,0.1,0.0
2026-09-13,20.5,87.5,100.0,64.3,452,0.6,10.6,9.3,0.0,0.0
2026-09-14,20.3,92.5,100.0,78.6,452,0.6,8.5,7.9,3.3,0.0
2026-09-15,26.3,92.5,100.0,78.6,452,5.1,9.0,8.0,4.2,0.0
2026-09-16,29.6,92.5,100.0,78.6,452,4.0,10.3,8.2,7.1,0.0
2026-09-17,14.9,87.5,100.0,64.3,452,5.8,2.9,5.5,0.7,0.0
2026-09-18,12.3,85.0,100.0,57.1,452,2.9,1.3,7.3,0.8,0.0
2026-09-19,13.6,85.0,100.0,57.1,452,4.0,3.0,5.8,0.8,0.0
2026-09-20,15.1,87.5,100.0,64.3,452,4.0,3.1,7.6,0.4,0.0
2026-09-21,7.0,90.0,100.0,71.4,452,0.6,1.3,4.8,0.0,0.3
2026-09-22,6.5,87.5,100.0,64.3,452,1.1,0.1,5.3,0.0,0.0
2026-09-23,17.6,87.5,100.0,64.3,452,4.5,2.2,10.5,0.4,0.0
2026-09-24,23.2,87.5,100.0,64.3,452,6.7,3.8,12.6,0.1,0.0
2026-09-25,25.7,85.0,100.0,57.1,452,15.8,1.5,8.4,0.0,0.0
2026-09-26,17.3,85.0,100.0,57.1,452,8.5,0.2,8.6,0.0,0.0
2026-09-27,15.6,85.0,100.0,57.1,452,6.7,0.3,8.6,0.0,0.0
2026-09-28,39.7,90.0,100.0,71.4,514,20.0,5.8,13.9,0.0,0.0
2026-09-29,39.3,90.0,100.0,71.4,514,20.0,5.6,13.7,0.0,0.0
2026-09-30,37.7,90.0,100.0,71.4,514,20.0,6.4,11.3,0.0,0.0
2026-10-01,38.1,90.0,100.0,71.4,514,20.0,6.4,11.7,0.0,0.0
2026-10-02,32.4,87.5,100.0,64.3,514,20.0,6.5,5.9,0.0,0.0
2026-10-03,32.4,87.5,100.0,64.3,514,20.0,6.5,5.9,0.0,0.0
2026-10-04,35.4,90.0,100.0,71.4,514,20.0,6.6,8.8,0.0,0.0
2026-10-05,31.4,90.0,100.0,71.4,514,20.0,3.6,7.8,0.0,0.0
2026-10-06,31.3,90.0,100.0,71.4,514,20.0,3.7,7.6,0.0,0.0
2026-10-07,31.7,90.0,100.0,71.4,514,20.0,2.0,9.7,0.0,0.0
2026-10-08,30.1,90.0,100.0,71.4,514,20.0,2.1,8.0,0.0,0.0
